,Player,Tm,Pos,Age,G,GS,Cmp,Att,Yds,Int,Att,Yds,Tgt,Rec,Yds,Y/R,Fumbles,FumblesLost,PassingYds,PassingTD,PassingAtt,RushingYds,RushingTD,RushingAtt,ReceivingYds,ReceivingTD,FantasyPoints
0,Jamaal Charles,KAN,RB,27,15,15,0,0,0,0,259,1287,104,70,693,9.9,4,2,0,0,0,1287,12,259,693,7,378
1,Peyton Manning,DEN,QB,37,16,16,450,659,5477,10,32,-31,0,0,0,0,11,6,5477,55,659,-31,1,32,0,0,409.98
2,LeSean McCoy,PHI,RB,25,16,16,0,0,0,0,314,1607,64,52,539,10.37,1,1,0,0,0,1607,9,314,539,2,330.6
3,Matt Forte,CHI,RB,28,16,16,0,0,0,0,289,1339,95,74,594,8.03,2,2,0,0,0,1339,9,289,594,3,335.3
4,Marshawn Lynch,SEA,RB,27,16,16,0,0,0,0,301,1257,44,36,316,8.78,4,1,0,0,0,1257,12,301,316,2,275.3
5,Knowshon Moreno,DEN,RB,26,16,15,0,0,0,0,241,1038,74,60,548,9.13,2,0,0,0,0,1038,10,241,548,3,296.6
6,Demaryius Thomas,DEN,WR,26,16,16,0,0,0,0,0,0,142,92,1430,15.54,2,0,0,0,0,0,0,0,1430,14,319
7,Josh Gordon,CLE,WR,22,14,14,0,0,0,0,5,88,159,87,1646,18.92,0,0,0,0,0,88,0,5,1646,9,314.4
8,Calvin Johnson,DET,WR,28,14,14,0,0,0,0,0,0,156,84,1492,17.76,1,1,0,0,0,0,0,0,1492,12,303.2
9,Drew Brees,NOR,QB,34,16,16,446,650,5162,12,35,52,0,0,0,0,7,2,5162,39,650,52,3,35,0,0,357.68
10,Jimmy Graham,NOR,WR,27,16,12,0,0,0,0,0,0,142,86,1215,14.13,0,0,0,0,0,0,0,0,1215,16,303.5
11,A.J. Green,CIN,WR,25,16,16,0,0,0,0,0,0,178,98,1426,14.55,1,0,0,0,0,0,0,0,1426,11,306.6
12,Brandon Marshall,CHI,WR,29,16,16,0,0,0,0,0,0,164,100,1295,12.95,0,0,0,0,0,0,0,0,1295,12,301.5
13,Dez Bryant,DAL,WR,25,16,16,0,0,0,0,1,1,159,93,1233,13.26,3,1,0,0,0,1,0,1,1233,13,292.4
14,Eddie Lacy,GNB,RB,23,15,15,0,0,0,0,284,1178,44,35,257,7.34,1,1,0,0,0,1178,11,284,257,0,242.5
15,DeMarco Murray,DAL,RB,25,14,14,0,0,0,0,217,1121,66,53,350,6.6,3,1,0,0,0,1121,9,217,350,1,258.1
16,Adrian Peterson,MIN,RB,28,14,14,0,0,0,0,279,1266,40,29,171,5.9,5,3,0,0,0,1266,10,279,171,1,232.7
17,Antonio Brown,PIT,WR,25,16,14,1,1,15,0,7,4,167,110,1499,13.63,1,0,15,0,1,4,0,7,1499,8,308.9
18,Alshon Jeffery,CHI,WR,23,16,14,0,0,0,0,16,105,148,89,1421,15.97,3,1,0,0,0,105,0,16,1421,7,281.6
19,Vernon Davis,SFO,TE,29,15,15,0,0,0,0,0,0,84,52,850,16.35,1,1,0,0,0,0,0,0,850,13,213
20,Chris Johnson,TEN,RB,28,16,16,0,0,0,0,279,1077,52,42,345,8.21,3,2,0,0,0,1077,6,279,345,4,240.2
21,Eric Decker,DEN,WR,26,16,16,0,0,0,0,0,0,136,87,1288,14.8,2,1,0,0,0,0,0,0,1288,11,279.8
22,DeSean Jackson,PHI,WR,27,16,16,0,0,0,0,3,2,126,82,1332,16.24,1,0,0,0,0,2,0,3,1332,9,269.4
23,Julius Thomas,DEN,TE,25,14,14,0,0,0,0,0,0,90,65,788,12.12,1,0,0,0,0,0,0,0,788,12,215.8
24,Fred Jackson,BUF,RB,32,16,6,0,0,0,0,206,890,65,47,387,8.23,3,0,0,0,0,890,9,206,387,1,234.7
25,Reggie Bush,DET,RB,28,14,14,0,0,0,0,223,1006,80,54,506,9.37,5,4,0,0,0,1006,4,223,506,3,239.2
26,Ryan Mathews,SDG,RB,26,16,14,0,0,0,0,285,1255,33,26,189,7.27,2,1,0,0,0,1255,6,285,189,1,210.4
27,Jordy Nelson,GNB,WR,28,16,16,0,0,0,0,0,0,127,85,1314,15.46,0,0,0,0,0,0,0,0,1314,8,264.4
28,Andre Johnson,HOU,WR,32,16,16,0,0,0,0,0,0,181,109,1407,12.91,0,0,0,0,0,0,0,0,1407,5,279.7
29,Frank Gore,SFO,RB,30,16,16,0,0,0,0,276,1128,27,16,141,8.81,3,3,0,0,0,1128,9,276,141,0,190.9
30,Tony Gonzalez,ATL,TE,37,16,16,0,0,0,0,0,0,121,83,859,10.35,0,0,0,0,0,0,0,0,859,8,216.9
31,Le'Veon Bell,PIT,RB,21,13,13,0,0,0,0,244,860,66,45,399,8.87,1,1,0,0,0,860,8,244,399,0,216.9
32,Jordan Cameron,CLE,TE,25,15,14,0,0,0,0,0,0,118,80,917,11.46,1,0,0,0,0,0,0,0,917,7,213.7
33,Pierre Garcon,WAS,WR,27,16,16,0,0,0,0,2,19,181,113,1346,11.91,1,1,0,0,0,19,0,2,1346,5,277.5
34,Jason Witten,DAL,TE,31,16,16,0,0,0,0,0,0,111,73,851,11.66,0,0,0,0,0,0,0,0,851,8,206.1
35,Alfred Morris,WAS,RB,25,16,16,0,0,0,0,276,1275,12,9,78,8.67,5,4,0,0,0,1275,7,276,78,0,178.3
36,Vincent Jackson,TAM,WR,30,16,16,0,0,0,0,1,0,160,78,1224,15.69,1,0,0,0,0,0,0,1,1224,7,242.4
37,Giovani Bernard,CIN,RB,22,16,0,0,0,0,0,170,695,71,56,514,9.18,2,1,0,0,0,695,5,170,514,3,222.9
38,Anquan Boldin,SFO,WR,33,16,16,0,0,0,0,2,11,129,85,1179,13.87,0,0,0,0,0,11,0,2,1179,7,246
39,Joique Bell,DET,RB,27,16,4,0,0,0,0,166,650,69,53,547,10.32,4,3,0,0,0,650,8,166,547,0,214.7
40,Cam Newton,CAR,QB,24,16,16,292,473,3379,13,111,585,0,0,0,0,3,1,3379,24,473,585,6,111,0,0,297.66
41,Andrew Luck,IND,QB,24,16,16,343,570,3822,9,63,377,0,0,0,0,6,2,3822,23,570,377,4,63,0,0,284.58
42,Larry Fitzgerald,ARI,WR,30,16,16,0,1,0,0,2,8,135,82,954,11.63,1,1,0,0,1,8,0,2,954,10,236.2
43,Zac Stacy,STL,RB,22,14,12,0,0,0,0,250,973,35,26,141,5.42,1,1,0,0,0,973,7,250,141,1,183.4
44,Charles Clay,MIA,TE,24,16,15,0,0,0,0,7,15,102,69,759,11,0,0,0,0,0,15,1,7,759,6,188.4
45,Andy Dalton,CIN,QB,26,16,16,363,586,4293,20,61,183,0,0,0,0,6,3,4293,33,586,183,2,61,0,0,288.02
46,Greg Olsen,CAR,TE,28,16,16,0,0,0,0,0,0,111,73,816,11.18,0,0,0,0,0,0,0,0,816,6,190.6
47,Keenan Allen,SDG,WR,21,15,14,0,0,0,0,0,0,105,71,1046,14.73,2,2,0,0,0,0,0,0,1046,8,219.6
48,Philip Rivers,SDG,QB,32,16,16,378,544,4478,11,28,72,1,0,-9,0,3,2,4478,32,544,72,0,28,-9,0,287.42
49,Julian Edelman,NWE,WR,27,16,11,0,0,0,0,2,11,151,105,1056,10.06,6,0,0,0,0,11,0,2,1056,6,247.7
50,Matthew Stafford,DET,QB,25,16,16,371,634,4650,19,37,69,0,0,0,0,12,4,4650,29,634,69,2,37,0,0,274.9
51,Danny Woodhead,SDG,RB,28,16,2,0,0,0,0,106,429,88,76,605,7.96,2,2,0,0,0,429,2,106,605,6,223.4
52,Antonio Gates,SDG,TE,33,16,15,0,0,0,0,0,0,114,77,872,11.32,2,2,0,0,0,0,0,0,872,4,184.2
53,Maurice Jones-Drew,JAX,RB,28,15,15,1,1,8,0,234,803,60,43,314,7.3,1,1,8,1,1,803,5,234,314,0,187.02
54,Riley Cooper,PHI,WR,26,16,15,0,0,0,0,0,18,84,47,835,17.77,0,0,0,0,0,18,0,0,835,8,180.3
55,T.Y. Hilton,IND,WR,24,16,10,0,0,0,0,2,6,139,82,1083,13.21,1,0,0,0,0,6,0,2,1083,5,220.9
56,Torrey Smith,BAL,WR,24,16,16,0,0,0,0,0,0,137,65,1128,17.35,1,0,0,0,0,0,0,0,1128,4,201.8
57,Wes Welker,DEN,WR,32,13,13,0,0,0,0,0,0,111,73,778,10.66,1,1,0,0,0,0,0,0,778,10,208.8
58,Marvin Jones,CIN,WR,23,16,3,0,0,0,0,8,65,80,51,712,13.96,0,0,0,0,0,65,0,8,712,10,188.7
59,Martellus Bennett,CHI,TE,26,16,15,0,0,0,0,0,0,94,65,759,11.68,1,1,0,0,0,0,0,0,759,5,168.9
60,Michael Floyd,ARI,WR,24,16,16,0,0,0,0,0,0,113,65,1041,16.02,0,0,0,0,0,0,0,0,1041,5,199.1
61,Rashad Jennings,OAK,RB,28,15,8,0,0,0,0,163,733,48,36,292,8.11,0,0,0,0,0,733,6,163,292,0,174.5
62,Russell Wilson,SEA,QB,25,16,16,257,407,3357,9,96,539,0,0,0,0,12,5,3357,26,407,539,1,96,0,0,270.18
63,DeAngelo Williams,CAR,RB,30,15,15,0,0,0,0,201,843,36,26,333,12.81,3,2,0,0,0,843,3,201,333,1,163.6
64,Pierre Thomas,NOR,RB,29,16,9,0,0,0,0,147,549,84,77,513,6.66,2,1,0,0,0,549,2,147,513,3,211.2
65,Jared Cook,STL,TE,26,16,13,0,0,0,0,0,0,85,51,671,13.16,1,1,0,0,0,0,0,0,671,5,146.1
66,Mike Wallace,MIA,WR,27,16,16,0,0,0,0,3,33,141,73,930,12.74,0,0,0,0,0,33,0,3,930,5,199.3
67,Nick Foles,PHI,QB,24,13,10,203,317,2891,2,57,221,0,0,0,0,4,2,2891,27,317,221,3,57,0,0,255.74
68,Delanie Walker,TEN,TE,29,15,11,0,0,0,0,0,0,86,60,571,9.52,1,0,0,0,0,0,0,0,571,6,153.1
69,Tony Romo,DAL,QB,33,15,15,342,535,3828,10,20,38,0,0,0,0,4,1,3828,31,535,38,0,20,0,0,258.92
70,Brian Hartline,MIA,WR,27,16,15,0,0,0,0,0,0,133,76,1016,13.37,0,0,0,0,0,0,0,0,1016,4,201.6
71,Colin Kaepernick,SFO,QB,26,16,16,243,416,3197,8,92,524,0,0,0,0,9,4,3197,21,416,524,4,92,0,0,264.28
72,Marques Colston,NOR,WR,30,15,11,0,0,0,0,0,0,111,75,943,12.57,0,0,0,0,0,0,0,0,943,5,199.3
73,Golden Tate,SEA,WR,25,16,13,0,0,0,0,3,31,99,64,898,14.03,3,0,0,0,0,31,0,3,898,5,186.9
74,Victor Cruz,NYG,WR,27,14,12,0,0,0,0,0,0,122,73,998,13.67,1,1,0,0,0,0,0,0,998,4,194.8
75,Coby Fleener,IND,TE,25,16,12,0,0,0,0,0,0,87,52,608,11.69,1,0,0,0,0,0,0,0,608,4,136.8
76,Kyle Juszczyk,BAL,0,22,16,0,0,0,0,0,0,0,1,0,0,0,0,0,0,0,0,0,0,0,0,0,0
77,Andre Ellington,ARI,RB,24,15,1,0,0,0,0,118,652,57,39,371,9.51,1,0,0,0,0,652,3,118,371,1,165.3
78,Ben Roethlisberger,PIT,QB,31,16,16,375,584,4261,14,27,99,0,0,5,0,9,6,4261,28,584,99,1,27,5,0,258.84
79,Alex Smith,KAN,QB,29,15,15,308,508,3313,7,76,431,1,1,-4,-4,8,3,3313,23,508,431,1,76,-4,0,254.22
80,Tom Brady,NWE,QB,36,16,16,380,628,4343,11,32,18,0,0,0,0,10,3,4343,25,628,18,0,32,0,0,247.52
81,Matt Ryan,ATL,QB,28,16,16,439,651,4515,17,17,55,0,0,0,0,5,4,4515,26,651,55,0,17,0,0,248.1
82,Ryan Tannehill,MIA,QB,25,16,16,355,588,3913,17,40,238,0,0,0,0,9,5,3913,24,588,238,1,40,0,0,238.32
83,Carson Palmer,ARI,QB,34,16,16,362,572,4274,22,27,3,0,0,0,0,6,3,4274,24,572,3,0,27,0,0,217.26
84,Robert Griffin III,WAS,QB,23,13,13,274,456,3203,12,86,489,0,0,0,0,11,4,3203,16,456,489,0,86,0,0,209.02
85,Joe Flacco,BAL,QB,28,16,16,362,614,3912,22,27,131,0,0,0,0,8,2,3912,19,614,131,1,27,0,0,203.58
86,Geno Smith,NYJ,QB,23,16,16,247,443,3046,21,72,366,1,1,13,13,8,4,3046,12,443,366,6,72,13,0,194.74
87,Aaron Rodgers,GNB,QB,30,9,9,193,290,2536,6,30,120,0,0,0,0,5,0,2536,17,290,120,0,30,0,0,169.44
88,Eli Manning,NYG,QB,32,16,16,317,551,3818,27,18,36,0,0,0,0,7,2,3818,18,551,36,0,18,0,0,170.32
89,Jay Cutler,CHI,QB,30,11,11,224,355,2621,12,23,118,0,0,0,0,5,3,2621,19,355,118,0,23,0,0,162.64
90,Ryan Fitzpatrick,TEN,QB,31,11,9,217,350,2454,12,43,225,1,1,0,0,9,2,2454,14,350,225,3,43,0,0,167.66
91,Chad Henne,JAX,QB,28,15,13,305,503,3241,14,27,77,0,0,0,0,2,0,3241,13,503,77,0,27,0,0,161.34
92,Mike Glennon,TAM,QB,24,13,13,247,416,2608,9,27,37,0,0,0,0,7,4,2608,19,416,37,0,27,0,0,158.02
93,Terrelle Pryor,OAK,QB,24,11,9,156,272,1798,11,83,576,0,0,0,0,7,2,1798,7,272,576,2,83,0,0,143.52
94,Josh McCown,CHI,QB,34,8,5,149,224,1829,1,13,69,0,0,0,0,3,1,1829,13,224,69,1,13,0,0,134.06
95,EJ Manuel,BUF,QB,23,10,10,180,306,1972,9,53,186,0,0,0,0,6,3,1972,11,306,186,2,53,0,0,129.48
96,Rashard Mendenhall,ARI,RB,26,15,15,0,0,0,0,217,687,21,18,134,7.44,4,3,0,0,0,687,8,217,134,0,142.1
97,Donald Brown,IND,RB,26,16,5,0,0,0,0,102,537,35,27,214,7.93,1,0,0,0,0,537,6,102,214,2,150.1
98,C.J. Spiller,BUF,RB,26,15,10,0,0,0,0,202,933,41,33,185,5.61,4,1,0,0,0,933,2,202,185,0,154.8
99,Jerricho Cotchery,PIT,WR,31,16,6,0,0,0,0,1,-5,76,46,602,13.09,0,0,0,0,0,-5,0,1,602,10,165.7
100,Ray Rice,BAL,RB,26,15,15,0,0,0,0,214,660,72,58,321,5.53,2,2,0,0,0,660,4,214,321,0,176.1
101,Stevan Ridley,NWE,RB,24,14,6,0,0,0,0,178,773,12,10,62,6.2,4,4,0,0,0,773,7,178,62,0,127.5
102,Kendall Wright,TEN,WR,24,16,12,0,0,0,0,0,0,139,94,1079,11.48,2,0,0,0,0,0,0,0,1079,2,213.9
103,LeGarrette Blount,NWE,RB,27,16,7,0,0,0,0,153,772,5,2,38,19,3,2,0,0,0,772,7,153,38,0,121
104,Sam Bradford,STL,QB,26,7,7,159,262,1687,4,15,31,0,0,0,0,3,1,1687,14,262,31,0,15,0,0,116.58
105,Emmanuel Sanders,PIT,WR,26,16,10,0,0,0,0,1,25,113,67,740,11.04,1,0,0,0,0,25,0,1,740,6,179.5
106,BenJarvus Green-Ellis,CIN,RB,28,16,16,0,0,0,0,220,756,8,4,22,5.5,2,2,0,0,0,756,7,220,22,0,119.8
107,Jason Campbell,CLE,QB,32,9,8,180,317,2015,8,14,107,0,0,0,0,3,2,2015,11,317,107,0,14,0,0,115.3
108,Harry Douglas,ATL,WR,29,16,11,0,0,0,0,0,0,132,85,1067,12.55,3,2,0,0,0,0,0,0,1067,2,199.7
109,Steven Jackson,ATL,RB,30,12,12,0,0,0,0,157,543,49,33,191,5.79,0,0,0,0,0,543,6,157,191,1,148.4
110,Rod Streater,OAK,WR,25,16,14,0,0,0,0,2,17,100,60,888,14.8,1,1,0,0,0,17,0,2,888,4,172.5
111,Eddie Royal,SDG,WR,27,15,3,0,0,0,0,3,21,68,47,631,13.43,1,1,0,0,0,21,0,3,631,8,158.2
112,Ben Tate,HOU,RB,25,14,7,0,0,0,0,181,771,49,34,140,4.12,5,2,0,0,0,771,4,181,140,0,145.1
113,Doug Baldwin,SEA,WR,25,16,9,0,0,0,0,2,6,72,50,778,15.56,0,0,0,0,0,6,0,2,778,5,158.4
114,Matt Cassel,MIN,QB,31,9,6,153,254,1807,9,18,57,0,0,0,0,3,1,1807,11,254,57,1,18,0,0,107.98
115,Trent Richardson,2TM,RB,23,16,10,0,0,0,0,188,563,52,35,316,9.03,3,1,0,0,0,563,3,188,316,1,144.9
116,Nate Washington,TEN,WR,30,16,15,0,0,0,0,0,0,105,58,919,15.84,0,0,0,0,0,0,0,0,919,3,167.9
117,Christian Ponder,MIN,QB,25,9,9,152,239,1648,9,34,151,0,0,0,0,7,4,1648,7,239,151,4,34,0,0,107.02
118,Greg Jennings,MIN,WR,30,15,15,0,0,0,0,0,0,106,68,804,11.82,0,0,0,0,0,0,0,0,804,4,172.4
119,Cordarrelle Patterson,MIN,WR,22,16,6,0,0,0,0,12,158,77,45,469,10.42,0,0,0,0,0,158,3,12,469,4,149.7
120,Matt Schaub,HOU,QB,32,10,8,219,358,2310,14,5,24,0,0,0,0,2,1,2310,10,358,24,0,5,0,0,104.8
121,Case Keenum,HOU,QB,25,8,8,137,253,1760,6,14,72,0,0,0,0,6,2,1760,9,253,72,1,14,0,0,103.6
122,Bilal Powell,NYJ,RB,25,16,11,1,1,30,0,176,697,57,36,272,7.56,1,0,30,0,1,697,1,176,272,0,140.1
123,Chris Ivory,NYJ,RB,25,15,6,0,0,0,0,182,833,7,2,10,5,2,0,0,0,0,833,3,182,10,0,104.3
124,Darren Sproles,NOR,RB,30,15,4,0,0,0,0,53,220,89,71,604,8.51,2,2,0,0,0,220,2,53,604,2,173.4
125,Terrance Williams,DAL,WR,24,16,8,0,0,0,0,3,4,74,44,736,16.73,2,2,0,0,0,4,0,3,736,5,144
126,Michael Vick,PHI,QB,33,7,6,77,141,1215,3,36,306,0,0,-2,0,4,2,1215,5,141,306,2,36,-2,0,101
127,James Jones,GNB,WR,29,14,14,0,0,0,0,0,0,93,59,817,13.85,2,1,0,0,0,0,0,0,817,3,156.7
128,Jake Locker,TEN,QB,25,7,7,111,183,1256,4,24,155,0,0,0,0,3,1,1256,8,183,155,2,24,0,0,99.74
129,Denarius Moore,OAK,WR,25,13,10,0,0,0,0,0,0,86,46,695,15.11,0,0,0,0,0,0,0,0,695,5,145.5
130,Steve Smith,CAR,WR,34,15,15,0,0,0,0,0,0,110,64,745,11.64,0,0,0,0,0,0,0,0,745,4,162.5
131,Lamar Miller,MIA,RB,22,16,15,0,0,0,0,177,709,35,26,170,6.54,1,1,0,0,0,709,2,177,170,0,123.9
132,Dwayne Bowe,KAN,WR,29,15,15,0,0,0,0,0,0,103,57,673,11.81,0,0,0,0,0,0,0,0,673,5,154.3
133,Mike Tolbert,CAR,RB,28,16,13,0,0,0,0,101,361,33,27,184,6.81,0,0,0,0,0,361,5,101,184,2,123.5
134,Marlon Brown,BAL,WR,22,14,12,0,0,0,0,1,-2,82,49,524,10.69,0,0,0,0,0,-2,0,1,524,7,143.2
135,Cecil Shorts,JAX,WR,26,13,13,0,0,0,0,0,0,123,66,777,11.77,0,0,0,0,0,0,0,0,777,3,161.7
136,Bobby Rainey,2TM,RB,26,15,6,0,1,0,0,150,566,19,15,46,3.07,1,1,0,0,1,566,5,150,46,1,110.2
137,Rueben Randle,NYG,WR,22,16,3,0,0,0,0,0,0,78,41,611,14.9,3,1,0,0,0,0,0,0,611,6,136.1
138,Kenny Stills,NOR,WR,21,16,10,0,0,0,0,3,10,50,32,641,20.03,0,0,0,0,0,10,0,3,641,5,127.1
139,Brandon LaFell,CAR,WR,27,16,16,0,0,0,0,2,15,85,49,627,12.8,1,0,0,0,0,15,0,2,627,5,143.2
140,Shane Vereen,NWE,RB,24,8,1,0,0,0,0,44,208,69,47,427,9.09,1,0,0,0,0,208,1,44,427,3,134.5
141,DeAndre Hopkins,HOU,WR,21,16,16,0,0,0,0,0,0,91,52,802,15.42,1,1,0,0,0,0,0,0,802,2,142.2
142,Hakeem Nicks,NYG,WR,25,15,15,0,0,0,0,0,0,101,56,896,16,0,0,0,0,0,0,0,0,896,0,145.6
143,Brandon Weeden,CLE,QB,30,8,5,141,267,1731,9,12,44,0,0,0,0,6,2,1731,9,267,44,0,12,0,0,87.64
144,Ted Ginn,CAR,WR,28,16,2,0,0,0,0,4,29,68,36,556,15.44,0,0,0,0,0,29,0,4,556,5,124.5
145,Jacquizz Rodgers,ATL,RB,23,15,4,0,0,0,0,96,332,63,52,341,6.56,1,1,0,0,0,332,2,96,341,2,141.3
146,Montee Ball,DEN,RB,23,16,0,0,0,0,0,120,559,27,20,145,7.25,3,3,0,0,0,559,4,120,145,0,108.4
147,Kellen Clemens,STL,QB,30,10,9,142,242,1673,7,23,64,0,0,0,0,7,4,1673,8,242,64,0,23,0,0,83.32
148,Arian Foster,HOU,RB,27,8,8,0,0,0,0,121,542,35,22,183,8.32,0,0,0,0,0,542,1,121,183,1,106.5
149,Roddy White,ATL,WR,32,13,13,0,0,0,0,0,0,97,63,711,11.29,2,1,0,0,0,0,0,0,711,3,150.1
150,Tim Wright,TAM,TE,23,16,8,0,0,0,0,1,2,76,54,571,10.57,0,0,0,0,0,2,0,1,571,5,141.3
151,Jarrett Boykin,GNB,WR,24,16,8,0,0,0,0,0,0,83,49,681,13.9,0,0,0,0,0,0,0,0,681,3,135.1
152,Tavon Austin,STL,WR,23,13,3,0,1,0,0,9,151,69,40,418,10.45,4,1,0,0,1,151,1,9,418,4,124.9
153,Brent Celek,PHI,TE,28,16,15,0,0,0,0,0,0,51,32,502,15.69,1,1,0,0,0,0,0,0,502,6,116.2
154,Garrett Graham,HOU,TE,27,13,11,0,0,0,0,0,0,89,49,545,11.12,2,1,0,0,0,0,0,0,545,5,131.5
155,Rob Gronkowski,NWE,TE,24,7,6,0,0,0,0,0,0,66,39,592,15.18,0,0,0,0,0,0,0,0,592,4,122.2
156,Daniel Thomas,MIA,RB,26,15,1,0,0,0,0,109,406,17,15,63,4.2,0,0,0,0,0,406,4,109,63,2,97.9
157,James Starks,GNB,RB,27,13,1,0,0,0,0,89,493,13,10,89,8.9,1,0,0,0,0,493,3,89,89,1,92.2
158,Darren McFadden,OAK,RB,26,10,7,1,1,16,0,114,379,25,17,108,6.35,1,1,16,1,1,379,5,114,108,0,98.34
159,Marcel Reece,OAK,RB,28,16,15,1,1,22,0,46,218,54,32,331,10.34,0,0,22,0,1,218,2,46,331,2,111.78
160,Robert Woods,BUF,WR,21,14,14,0,0,0,0,2,16,85,40,587,14.68,0,0,0,0,0,16,0,2,587,3,118.3
161,Steve Johnson,BUF,WR,27,12,12,0,0,0,0,1,10,101,52,597,11.48,1,1,0,0,0,10,0,1,597,3,128.7
162,Matt McGloin,OAK,QB,24,7,6,118,211,1547,8,11,27,0,0,0,0,4,1,1547,8,211,27,0,11,0,0,78.58
163,Jerome Simpson,MIN,WR,27,16,8,0,0,0,0,0,0,100,48,726,15.13,1,0,0,0,0,0,0,0,726,1,126.6
164,Matt Flynn,3TM,QB,28,9,5,124,200,1392,5,20,65,0,0,0,0,7,6,1392,8,200,65,0,20,0,0,72.18
165,Roy Helu,WAS,RB,25,16,0,0,0,0,0,62,274,42,31,251,8.1,2,0,0,0,0,274,4,62,251,0,107.5
166,Scott Chandler,BUF,TE,28,16,7,0,0,0,0,0,0,81,53,655,12.36,1,1,0,0,0,0,0,0,655,2,128.5
167,Aaron Dobson,NWE,WR,22,12,9,0,0,0,0,0,0,72,37,519,14.03,1,0,0,0,0,0,0,0,519,4,112.9
168,Brandon Myers,NYG,TE,28,16,14,0,0,0,0,0,0,76,47,522,11.11,0,0,0,0,0,0,0,0,522,4,123.2
169,Danny Amendola,NWE,WR,28,12,6,0,0,0,0,1,1,83,54,633,11.72,0,0,0,0,0,1,0,1,633,2,129.4
170,Randall Cobb,GNB,WR,23,6,4,0,0,0,0,4,78,47,31,433,13.97,0,0,0,0,0,78,0,4,433,4,106.1
171,Andre Brown,NYG,RB,27,8,8,0,0,0,0,139,492,29,20,103,5.15,3,3,0,0,0,492,3,139,103,0,91.5
172,Zach Ertz,PHI,TE,23,16,3,0,0,0,0,0,0,57,36,469,13.03,0,0,0,0,0,0,0,0,469,4,106.9
173,Jordan Reed,WAS,TE,23,9,4,0,0,0,0,1,18,59,45,499,11.09,0,0,0,0,0,18,0,1,499,3,114.7
174,Jeremy Kerley,NYJ,WR,25,12,8,0,1,0,0,4,11,72,43,523,12.16,0,0,0,0,1,11,0,4,523,3,114.4
175,Kenbrell Thompkins,NWE,WR,25,12,8,0,0,0,0,0,0,69,32,466,14.56,0,0,0,0,0,0,0,0,466,4,102.6
176,Donnie Avery,KAN,WR,29,16,14,0,0,0,0,2,6,71,40,596,14.9,1,1,0,0,0,6,0,2,596,2,110.2
177,Julio Jones,ATL,WR,24,5,5,0,0,0,0,1,7,59,41,580,14.15,2,1,0,0,0,7,0,1,580,2,109.7
178,Zach Miller,SEA,TE,28,14,12,0,0,0,0,0,0,56,33,387,11.73,0,0,0,0,0,0,0,0,387,5,101.7
179,Chris Ogbonnaya,CLE,RB,27,16,7,0,0,0,0,49,240,74,48,343,7.15,2,2,0,0,0,240,0,49,343,2,114.3
180,Tiquan Underwood,TAM,WR,26,12,7,0,0,0,0,0,0,46,24,440,18.33,0,0,0,0,0,0,0,0,440,4,92
181,Joseph Fauria,DET,TE,23,16,2,0,0,0,0,0,0,30,18,207,11.5,0,0,0,0,0,0,0,0,207,7,80.7
182,Bernard Pierce,BAL,RB,22,16,1,0,0,0,0,152,436,25,20,104,5.2,0,0,0,0,0,436,2,152,104,0,86
183,Mychal Rivera,OAK,TE,23,16,3,0,0,0,0,0,0,60,38,407,10.71,0,0,0,0,0,0,0,0,407,4,102.7
184,Reggie Wayne,IND,WR,35,7,7,0,0,0,0,1,5,58,38,503,13.24,0,0,0,0,0,5,0,1,503,2,100.8
185,Jeff Cumberland,NYJ,TE,26,15,12,0,0,0,0,0,0,40,26,398,15.31,0,0,0,0,0,0,0,0,398,4,89.8
186,Jermaine Gresham,CIN,TE,25,14,14,0,0,0,0,0,0,68,46,458,9.96,3,3,0,0,0,0,0,0,458,4,109.8
187,Dexter McCluster,KAN,WR,24,15,6,0,0,0,0,8,5,83,53,511,9.64,2,0,0,0,0,5,0,8,511,2,116.6
188,Austin Pettis,STL,WR,25,16,6,0,0,0,0,0,0,63,38,399,10.5,1,0,0,0,0,0,0,0,399,4,101.9
189,Heath Miller,PIT,TE,31,14,14,0,0,0,0,0,0,79,58,593,10.22,1,1,0,0,0,0,0,0,593,1,121.3
190,Jason Snelling,ATL,RB,30,14,1,0,0,0,0,44,164,34,29,216,7.45,0,0,0,0,0,164,1,44,216,3,91
191,Kris Durham,DET,WR,25,16,13,0,0,0,0,0,0,85,38,490,12.89,1,1,0,0,0,0,0,0,490,2,97
192,Jarius Wright,MIN,WR,24,16,3,0,0,0,0,0,0,43,26,434,16.69,0,0,0,0,0,0,0,0,434,3,87.4
193,Brandon Bolden,NWE,RB,23,12,2,0,0,0,0,55,271,29,21,152,7.24,0,0,0,0,0,271,3,55,152,0,81.3
194,Ace Sanders,JAX,WR,22,15,4,1,1,21,0,2,4,87,51,484,9.49,0,0,21,1,1,4,0,2,484,1,110.64
195,Justin Hunter,TEN,WR,22,14,0,0,0,0,0,0,0,42,18,354,19.67,0,0,0,0,0,0,0,0,354,4,77.4
196,Thaddeus Lewis,BUF,QB,28,6,5,93,157,1092,3,24,52,0,0,0,0,7,3,1092,4,157,52,1,24,0,0,58.88
197,Greg Little,CLE,WR,24,16,13,0,0,0,0,0,0,99,41,465,11.34,0,0,0,0,0,0,0,0,465,2,99.5
198,Andre Roberts,ARI,WR,25,16,2,0,0,0,0,0,0,76,43,471,10.95,0,0,0,0,0,0,0,0,471,2,102.1
199,Jacoby Jones,BAL,WR,29,12,9,0,0,0,0,2,0,68,37,455,12.3,0,0,0,0,0,0,0,2,455,2,94.5
200,Marcedes Lewis,JAX,TE,29,11,11,0,0,0,0,0,0,47,25,359,14.36,1,1,0,0,0,0,0,0,359,4,82.9
201,Mohamed Sanu,CIN,WR,24,16,14,1,1,25,0,4,16,77,47,455,9.68,1,1,25,0,1,16,0,4,455,2,105.1
202,Tyler Eifert,CIN,TE,23,15,15,0,0,0,0,0,0,60,39,445,11.41,0,0,0,0,0,0,0,0,445,2,95.5
203,Shonn Greene,TEN,RB,28,11,0,0,0,0,0,77,295,8,6,39,6.5,0,0,0,0,0,295,4,77,39,0,63.4
204,Jermaine Kearse,SEA,WR,23,15,5,0,0,0,0,0,0,38,22,346,15.73,2,1,0,0,0,0,0,0,346,4,78.6
205,Rishard Matthews,MIA,WR,24,16,5,0,0,0,0,0,0,67,41,448,10.93,0,0,0,0,0,0,0,0,448,2,97.8
206,Chris Givens,STL,WR,24,16,13,0,0,0,0,3,8,83,34,569,16.74,1,1,0,0,0,8,0,3,569,0,89.7
207,Ladarius Green,SDG,TE,23,16,10,0,0,0,0,0,0,30,17,376,22.12,0,0,0,0,0,0,0,0,376,3,72.6
208,Leonard Hankerson,WAS,WR,25,10,7,0,0,0,0,0,0,50,30,375,12.5,0,0,0,0,0,0,0,0,375,3,85.5
209,Doug Martin,TAM,RB,24,6,6,0,0,0,0,127,456,24,12,66,5.5,2,1,0,0,0,456,1,127,66,0,68.2
210,Lance Moore,NOR,WR,30,13,5,0,0,0,0,0,0,54,37,457,12.35,1,1,0,0,0,0,0,0,457,2,92.7
211,Santana Moss,WAS,WR,34,16,1,0,0,0,0,3,25,79,42,452,10.76,2,2,0,0,0,25,0,3,452,2,97.7
212,Jason Avant,PHI,WR,30,16,13,0,0,0,0,0,0,77,38,447,11.76,1,1,0,0,0,0,0,0,447,2,92.7
213,Mike Brown,JAX,WR,24,11,6,0,0,0,0,0,0,56,32,446,13.94,2,1,0,0,0,0,0,0,446,2,86.6
214,Jerrel Jernigan,NYG,WR,24,15,3,0,0,0,0,2,57,45,29,329,11.34,1,1,0,0,0,57,1,2,329,2,83.6
215,Jordan Todman,JAX,RB,23,16,2,0,0,0,0,76,256,26,14,116,8.29,0,0,0,0,0,256,2,76,116,1,69.2
216,Bryce Brown,PHI,RB,22,16,1,0,0,0,0,75,314,13,8,84,10.5,0,0,0,0,0,314,2,75,84,0,59.8
217,Knile Davis,KAN,RB,22,16,1,0,0,0,0,70,242,15,11,75,6.82,3,1,0,0,0,242,4,70,75,0,64.7
218,David Nelson,NYJ,WR,27,12,6,0,0,0,0,0,0,60,36,423,11.75,0,0,0,0,0,0,0,0,423,2,90.3
219,Vincent Brown,SDG,WR,24,16,12,0,0,0,0,0,0,70,41,472,11.51,0,0,0,0,0,0,0,0,472,1,94.2
220,Kendall Hunter,SFO,RB,25,16,0,0,0,0,0,78,358,4,2,13,6.5,1,1,0,0,0,358,3,78,13,0,55.1
221,Mark Ingram,NOR,RB,24,11,3,0,0,0,0,78,386,11,7,68,9.71,1,0,0,0,0,386,1,78,68,0,58.4
222,Dallas Clark,BAL,TE,34,12,0,0,0,0,0,0,0,52,31,343,11.06,0,0,0,0,0,0,0,0,343,3,83.3
223,Santonio Holmes,NYJ,WR,29,11,11,0,0,0,0,0,0,59,23,456,19.83,0,0,0,0,0,0,0,0,456,1,74.6
224,Brandon Pettigrew,DET,TE,28,14,14,0,0,0,0,0,0,63,41,416,10.15,1,1,0,0,0,0,0,0,416,2,92.6
225,Nate Burleson,DET,WR,32,9,8,0,0,0,0,2,-8,55,39,461,11.82,1,0,0,0,0,-8,0,2,461,1,90.3
226,Brandon Gibson,MIA,WR,26,7,3,0,0,0,0,0,0,43,30,326,10.87,0,0,0,0,0,0,0,0,326,3,80.6
227,Rob Housler,ARI,TE,25,13,10,0,0,0,0,0,0,57,39,454,11.64,1,0,0,0,0,0,0,0,454,1,90.4
228,Kellen Winslow,NYJ,TE,30,12,3,0,0,0,0,0,0,47,31,388,12.52,0,0,0,0,0,0,0,0,388,2,81.8
229,Earl Bennett,CHI,WR,26,15,3,0,0,0,0,0,0,43,32,243,7.59,0,0,0,0,0,0,0,0,243,4,80.3
230,Lance Kendricks,STL,TE,25,15,13,0,0,0,0,0,0,46,32,258,8.06,0,0,0,0,0,0,0,0,258,4,81.8
231,Willis McGahee,CLE,RB,32,12,6,0,0,0,0,138,377,11,8,20,2.5,1,1,0,0,0,377,2,138,20,0,57.7
232,Cole Beasley,DAL,WR,24,14,3,0,0,0,0,0,0,54,39,368,9.44,1,0,0,0,0,0,0,0,368,2,87.8
233,Justin Blackmon,JAX,WR,23,4,4,0,0,0,0,1,-1,48,29,415,14.31,0,0,0,0,0,-1,0,1,415,1,76.4
234,Michael Bush,CHI,RB,29,15,0,0,0,0,0,63,197,8,4,48,12,0,0,0,0,0,197,3,63,48,1,52.5
235,Andre Holmes,OAK,WR,25,10,4,0,0,0,0,0,0,52,25,431,17.24,0,0,0,0,0,0,0,0,431,1,74.1
236,Kyle Rudolph,MIN,TE,24,8,8,0,0,0,0,0,0,46,30,313,10.43,0,0,0,0,0,0,0,0,313,3,79.3
237,Davone Bess,CLE,WR,28,14,3,0,0,0,0,0,0,86,42,362,8.62,1,1,0,0,0,0,0,0,362,2,88.2
238,Jermichael Finley,GNB,TE,26,6,5,0,0,0,0,0,0,34,25,300,12,0,0,0,0,0,0,0,0,300,3,73
239,T.J. Graham,BUF,WR,24,16,6,0,0,0,0,4,14,58,23,361,15.7,1,1,0,0,0,14,0,4,361,2,70.5
240,Aldrick Robinson,WAS,WR,25,16,1,0,0,0,0,3,-4,46,18,365,20.28,0,0,0,0,0,-4,0,3,365,2,66.1
241,Toby Gerhart,MIN,RB,26,14,0,0,0,0,0,36,283,19,13,88,6.77,1,1,0,0,0,283,2,36,88,0,60.1
242,Brandon Jacobs,NYG,RB,31,7,1,0,0,0,0,58,238,7,2,13,6.5,1,1,0,0,0,238,4,58,13,0,49.1
243,Andrew Quarless,GNB,TE,25,16,10,0,0,0,0,0,0,53,32,312,9.75,0,0,0,0,0,0,0,0,312,2,75.2
244,Marquise Goodwin,BUF,WR,23,12,1,0,0,0,0,3,13,32,17,283,16.65,1,1,0,0,0,13,0,3,283,3,62.6
245,Darrius Heyward-Bey,IND,WR,26,16,11,0,0,0,0,3,26,64,29,309,10.66,0,0,0,0,0,26,0,3,309,1,68.5
246,Peyton Hillis,NYG,RB,27,7,1,0,0,0,0,73,247,21,13,96,7.38,2,1,0,0,0,247,2,73,96,0,57.3
247,Robert Meachem,NOR,WR,29,15,5,0,0,0,0,2,-1,30,16,324,20.25,0,0,0,0,0,-1,0,2,324,2,60.3
248,Owen Daniels,HOU,TE,31,5,5,0,0,0,0,0,0,41,24,252,10.5,0,0,0,0,0,0,0,0,252,3,67.2
249,Sean McGrath,KAN,TE,26,16,9,0,0,0,0,0,0,40,26,302,11.62,0,0,0,0,0,0,0,0,302,2,68.2
250,Brian Quick,STL,WR,24,16,5,0,0,0,0,0,0,35,18,302,16.78,0,0,0,0,0,0,0,0,302,2,60.2
251,Logan Paulsen,WAS,TE,26,16,14,0,0,0,0,0,0,50,28,267,9.54,2,2,0,0,0,0,0,0,267,3,68.7
252,Brian Hoyer,CLE,QB,28,3,3,57,96,615,3,6,16,0,0,0,0,0,0,615,5,96,16,0,6,0,0,40.2
253,Griff Whalen,IND,WR,23,9,3,0,0,0,0,0,0,40,24,259,10.79,0,0,0,0,0,0,0,0,259,2,61.9
254,Andre Caldwell,DEN,WR,28,16,2,0,0,0,0,1,7,29,16,200,12.5,0,0,0,0,0,7,0,1,200,3,54.7
255,Clay Harbor,JAX,TE,26,16,7,0,0,0,0,0,0,35,24,292,12.17,2,1,0,0,0,0,0,0,292,2,63.2
256,Kevin Ogletree,2TM,WR,26,16,2,0,0,0,0,0,0,45,21,269,12.81,0,0,0,0,0,0,0,0,269,2,59.9
257,Sidney Rice,SEA,WR,27,8,6,0,0,0,0,0,0,35,15,231,15.4,1,1,0,0,0,0,0,0,231,3,54.1
258,John Carlson,MIN,TE,29,13,8,0,0,0,0,0,0,48,32,344,10.75,1,1,0,0,0,0,0,0,344,1,70.4
259,Benny Cunningham,STL,RB,23,14,0,0,0,0,0,47,261,10,6,59,9.83,2,1,0,0,0,261,1,47,59,0,42
260,Anthony Fasano,KAN,TE,29,9,9,0,0,0,0,0,0,33,23,200,8.7,0,0,0,0,0,0,0,0,200,3,61
261,Ronnie Hillman,DEN,RB,22,10,0,0,0,0,0,55,218,14,12,119,9.92,2,1,0,0,0,218,1,55,119,0,49.7
262,Stephen Hill,NYJ,WR,22,12,11,0,0,0,0,0,0,59,24,342,14.25,1,1,0,0,0,0,0,0,342,1,62.2
263,Mike James,TAM,RB,22,8,3,1,1,2,0,60,295,11,10,43,4.3,0,0,2,1,1,295,0,60,43,0,47.88
264,Kirk Cousins,WAS,QB,25,5,3,81,155,854,7,4,14,0,0,0,0,3,2,854,4,155,14,0,4,0,0,33.56
265,Brian Leonard,TAM,RB,29,16,1,0,0,0,0,47,182,37,29,179,6.17,0,0,0,0,0,182,0,47,179,0,65.1
266,Chris Polk,PHI,RB,24,15,0,0,0,0,0,11,98,5,4,61,15.25,0,0,0,0,0,98,3,11,61,0,37.9
267,Edwin Baker,CLE,RB,22,3,2,0,0,0,0,43,171,9,8,57,7.13,0,0,0,0,0,171,2,43,57,0,42.8
268,Ahmad Bradshaw,IND,RB,27,3,2,0,0,0,0,41,186,8,7,42,6,0,0,0,0,0,186,2,41,42,0,41.8
269,Keshawn Martin,HOU,WR,23,16,1,0,0,0,0,0,0,40,22,253,11.5,2,1,0,0,0,0,0,0,253,2,57.3
270,Joseph Randle,DAL,RB,22,13,2,0,0,0,0,54,164,10,8,61,7.63,0,0,0,0,0,164,2,54,61,0,42.5
271,Ben Watson,NOR,WR,33,15,7,0,0,0,0,0,0,30,19,226,11.89,0,0,0,0,0,0,0,0,226,2,53.6
272,Fozzy Whittaker,2TM,RB,24,14,2,0,0,0,0,28,79,36,21,155,7.38,1,0,0,0,0,79,0,28,155,2,56.4
273,Darrel Young,WAS,RB,26,13,7,0,0,0,0,12,41,9,4,71,17.75,0,0,0,0,0,41,3,12,71,1,39.2
274,Matt Asiata,MIN,RB,26,11,1,0,0,0,0,44,166,8,5,13,2.6,1,1,0,0,0,166,3,44,13,0,38.9
275,Michael Crabtree,SFO,WR,26,5,5,0,0,0,0,0,0,33,19,284,14.95,1,0,0,0,0,0,0,0,284,1,53.4
276,Drew Davis,ATL,WR,24,16,3,0,0,0,0,0,0,19,12,216,18,0,0,0,0,0,0,0,0,216,2,45.6
277,Daryl Richardson,STL,RB,23,8,3,0,0,0,0,69,215,18,14,121,8.64,0,0,0,0,0,215,0,69,121,0,47.6
278,Scott Tolzien,GNB,QB,26,3,2,55,90,717,5,5,55,0,0,0,0,0,0,717,1,90,55,1,5,0,0,34.18
279,Mike Williams,TAM,WR,26,6,5,0,0,0,0,0,0,40,22,216,9.82,0,0,0,0,0,0,0,0,216,2,55.6
280,Ed Dickson,BAL,TE,26,16,14,0,0,0,0,0,0,43,25,273,10.92,0,0,0,0,0,0,0,0,273,1,58.3
281,Luke Willson,SEA,RB,23,16,7,0,0,0,0,0,0,28,20,272,13.6,0,0,0,0,0,0,0,0,272,1,53.2
282,Stedman Bailey,STL,WR,23,16,2,0,0,0,0,2,33,25,17,226,13.29,0,0,0,0,0,33,1,2,226,0,48.9
283,Jim Dray,ARI,TE,27,16,15,0,0,0,0,0,0,32,26,215,8.27,1,1,0,0,0,0,0,0,215,2,57.5
284,Da'Rick Rogers,IND,WR,22,5,3,0,0,0,0,1,0,23,14,192,13.71,0,0,0,0,0,0,0,1,192,2,45.2
285,Josh Freeman,2TM,QB,25,4,4,63,147,761,4,5,20,0,0,0,0,2,1,761,2,147,20,0,5,0,0,30.44
286,Ryan Griffin,HOU,TE,23,15,8,0,0,0,0,0,0,28,19,244,12.84,0,0,0,0,0,0,0,0,244,1,49.4
287,Robert Turbin,SEA,RB,24,16,0,0,0,0,0,77,264,12,8,60,7.5,1,1,0,0,0,264,0,77,60,0,38.4
288,Tandon Doss,BAL,WR,24,15,2,0,0,0,0,0,0,36,19,305,16.05,1,1,0,0,0,0,0,0,305,0,47.5
289,Kerry Taylor,2TM,WR,24,10,4,0,0,0,0,0,0,34,22,229,10.41,0,0,0,0,0,0,0,0,229,1,50.9
290,LaVon Brazill,IND,WR,24,10,0,0,0,0,0,0,0,27,12,161,13.42,1,0,0,0,0,0,0,0,161,2,40.1
291,Ronnie Brown,SDG,RB,32,16,0,0,0,0,0,45,157,8,8,60,7.5,0,0,0,0,0,157,1,45,60,0,35.7
292,Khiry Robinson,NOR,RB,24,10,0,0,0,0,0,54,224,0,0,0,0,0,0,0,0,0,224,1,54,0,0,28.4
293,Antone Smith,ATL,RB,28,15,0,0,0,0,0,5,145,3,2,10,5,0,0,0,0,0,145,2,5,10,0,29.5
294,Jonathan Dwyer,PIT,RB,24,15,0,0,0,0,0,49,197,11,8,64,8,0,0,0,0,0,197,0,49,64,0,34.1
295,Bruce Miller,SFO,RB,26,14,13,0,0,0,0,7,13,36,25,243,9.72,1,0,0,0,0,13,0,7,243,0,50.6
296,Gary Barnidge,CLE,TE,28,16,12,0,0,0,0,0,0,18,13,127,9.77,0,0,0,0,0,0,0,0,127,2,37.7
297,Gavin Escobar,DAL,TE,22,16,1,0,0,0,0,0,0,15,9,134,14.89,0,0,0,0,0,0,0,0,134,2,34.4
298,Darius Johnson,ATL,WR,22,10,2,0,0,0,0,0,0,43,22,210,9.55,1,1,0,0,0,0,0,0,210,1,47
299,Frank Summers,BUF,RB,28,15,9,0,0,0,0,12,46,8,7,79,11.29,0,0,0,0,0,46,1,12,79,1,31.5
300,Miles Austin,DAL,WR,29,11,8,0,0,0,0,0,0,49,24,244,10.17,0,0,0,0,0,0,0,0,244,0,48.4
301,Jackie Battle,TEN,RB,30,16,0,0,0,0,0,36,142,5,4,36,9,0,0,0,0,0,142,1,36,36,0,27.8
302,Da'Rel Scott,NYG,RB,25,5,1,0,0,0,0,20,73,19,11,102,9.27,0,0,0,0,0,73,0,20,102,1,34.5
303,Jacob Tamme,DEN,TE,28,16,1,0,0,0,0,0,0,25,20,184,9.2,0,0,0,0,0,0,0,0,184,1,44.4
304,Cory Harkey,STL,TE,23,15,10,0,0,0,0,0,0,18,13,113,8.69,0,0,0,0,0,0,0,0,113,2,36.3
305,Junior Hemingway,KAN,WR,25,16,2,0,0,0,0,0,0,20,13,125,9.62,2,1,0,0,0,0,0,0,125,2,35.5
306,Dennis Johnson,HOU,RB,23,8,1,0,0,0,0,49,183,12,8,46,5.75,0,0,0,0,0,183,0,49,46,0,30.9
307,Felix Jones,PIT,RB,26,16,2,0,0,0,0,48,184,13,9,63,7,1,1,0,0,0,184,0,48,63,0,31.7
308,Josh Morgan,WAS,WR,28,14,7,0,0,0,0,2,13,34,20,214,10.7,2,0,0,0,0,13,0,2,214,0,42.7
309,Kyle Orton,DAL,QB,31,3,1,33,51,398,2,1,8,0,0,0,0,0,0,398,2,51,8,0,1,0,0,20.72
310,Dennis Pitta,BAL,TE,28,4,1,0,0,0,0,0,0,33,20,169,8.45,0,0,0,0,0,0,0,0,169,1,42.9
311,Jonathan Stewart,CAR,RB,26,6,1,0,0,0,0,48,180,7,7,44,6.29,1,0,0,0,0,180,0,48,44,0,29.4
312,Anthony Dixon,SFO,RB,26,16,1,0,0,0,0,28,56,3,3,30,10,0,0,0,0,0,56,2,28,30,0,23.6
313,Jake Ballard,ARI,TE,26,8,3,0,0,0,0,0,0,9,7,75,10.71,0,0,0,0,0,0,0,0,75,2,26.5
314,Jaron Brown,ARI,WR,23,16,0,0,0,0,0,0,0,17,11,140,12.73,0,0,0,0,0,0,0,0,140,1,31
315,Stanley Havili,IND,RB,26,13,8,0,0,0,0,7,7,21,18,128,7.11,0,0,0,0,0,7,0,7,128,1,37.5
316,Andrew Hawkins,CIN,WR,27,8,0,0,0,0,0,2,3,18,12,199,16.58,1,0,0,0,0,3,0,2,199,0,32.2
317,Michael Hoomanawanui,NWE,TE,25,13,10,0,0,0,0,0,0,19,12,136,11.33,0,0,0,0,0,0,0,0,136,1,31.6
318,Anthony Sherman,KAN,RB,25,16,8,0,0,0,0,2,3,24,18,155,8.61,1,1,0,0,0,3,0,2,155,1,37.8
319,Tashard Choice,2TM,RB,29,15,0,0,0,0,0,46,170,9,5,15,3,0,0,0,0,0,170,0,46,15,0,23.5
320,Lance Dunbar,DAL,RB,23,9,0,0,0,0,0,30,150,7,7,59,8.43,1,1,0,0,0,150,0,30,59,0,25.9
321,Jonathan Grimes,HOU,RB,24,2,1,0,0,0,0,21,73,6,6,76,12.67,1,1,0,0,0,73,1,21,76,0,24.9
322,Dwayne Harris,DAL,WR,26,13,3,0,0,0,0,1,6,14,9,80,8.89,2,1,0,0,0,6,0,1,80,2,27.6
323,Stepfan Taylor,ARI,RB,22,16,0,0,0,0,0,36,115,9,8,71,8.88,0,0,0,0,0,115,0,36,71,0,26.6
324,Brandon Bostick,GNB,TE,24,11,0,0,0,0,0,0,0,14,7,120,17.14,0,0,0,0,0,0,0,0,120,1,25
325,Johnathan Franklin,GNB,RB,24,11,0,0,0,0,0,19,107,5,4,30,7.5,2,1,0,0,0,107,1,19,30,0,21.7
326,Marcus Thigpen,MIA,RB,27,16,0,0,0,0,0,6,18,11,8,97,12.13,3,0,0,0,0,18,0,6,97,1,25.5
327,Levine Toilolo,ATL,TE,22,16,3,0,0,0,0,0,0,15,11,55,5,0,0,0,0,0,0,0,0,55,2,28.5
328,Chase Daniel,KAN,QB,27,5,1,25,38,248,1,14,52,0,0,0,0,0,0,248,1,38,52,0,14,0,0,17.12
329,David Wilson,NYG,RB,22,5,4,0,0,0,0,44,146,6,2,8,4,2,2,0,0,0,146,1,44,8,0,19.4
330,Jed Collins,NOR,RB,27,16,8,0,0,0,0,15,45,17,14,54,3.86,0,0,0,0,0,45,1,15,54,0,29.9
331,Tarvaris Jackson,SEA,QB,30,3,0,10,13,151,0,4,1,0,0,0,0,0,0,151,1,13,1,1,4,0,0,16.14
332,John Kuhn,GNB,RB,31,15,6,0,0,0,0,10,38,19,13,81,6.23,2,1,0,0,0,38,1,10,81,0,28.9
333,DeVier Posey,HOU,WR,23,14,0,0,0,0,0,0,0,25,15,155,10.33,0,0,0,0,0,0,0,0,155,0,30.5
334,Michael Preston,TEN,WR,24,7,0,0,0,0,0,0,0,7,5,37,7.4,0,0,0,0,0,0,0,0,37,2,20.7
335,Alfonso Smith,ARI,RB,26,16,0,0,0,0,0,18,54,13,10,68,6.8,2,1,0,0,0,54,1,18,68,0,26.2
336,Damian Williams,TEN,WR,25,10,1,0,0,0,0,0,0,23,15,178,11.87,2,1,0,0,0,0,0,0,178,0,30.8
337,Malcom Floyd,SDG,WR,32,2,2,0,0,0,0,0,0,11,6,149,24.83,0,0,0,0,0,0,0,0,149,0,20.9
338,Jeremy Ross,2TM,WR,25,13,2,0,0,0,0,2,40,12,6,67,11.17,2,1,0,0,0,40,0,2,67,1,20.7
339,Brittan Golden,ARI,WR,25,5,0,0,0,0,0,0,0,10,4,136,34,0,0,0,0,0,0,0,0,136,0,17.6
340,A.J. Jenkins,KAN,WR,24,16,1,0,0,0,0,2,6,17,8,130,16.25,0,0,0,0,0,6,0,2,130,0,21.6
341,Greg Salas,NYJ,WR,25,8,0,0,0,0,0,0,0,13,8,143,17.88,0,0,0,0,0,0,0,0,143,0,22.3
342,Kyle Williams,2TM,WR,25,10,5,0,0,0,0,2,23,27,12,113,9.42,2,0,0,0,0,23,0,2,113,0,25.6
343,Travis Benjamin,CLE,WR,24,8,3,0,0,0,0,1,45,13,5,105,21,2,1,0,0,0,45,0,1,105,0,18
344,Tommy Bohanon,NYJ,RB,23,16,8,0,0,0,0,17,62,16,11,69,6.27,0,0,0,0,0,62,0,17,69,0,24.1
345,Derrick Coleman,SEA,RB,23,12,3,0,0,0,0,2,3,8,8,62,7.75,1,0,0,0,0,3,0,2,62,1,20.5
346,Fred Davis,WAS,TE,27,10,3,0,0,0,0,0,0,18,7,70,10,0,0,0,0,0,0,0,0,70,1,20
347,James Develin,NWE,RB,25,16,6,0,0,0,0,4,10,4,4,62,15.5,0,0,0,0,0,10,1,4,62,0,17.2
348,Chase Ford,MIN,TE,23,9,0,0,0,0,0,0,0,16,11,133,12.09,0,0,0,0,0,0,0,0,133,0,24.3
349,Vonta Leach,BAL,RB,32,16,7,0,0,0,0,11,23,20,11,47,4.27,1,0,0,0,0,23,0,11,47,1,24
350,Jeff Maehl,PHI,WR,24,16,0,0,0,0,0,0,0,9,4,67,16.75,0,0,0,0,0,0,0,0,67,1,16.7
351,Seyi Ajirotutu,SDG,WR,26,14,0,0,0,0,0,0,0,4,3,64,21.33,0,0,0,0,0,0,0,0,64,1,15.4
352,Josh Boyce,NWE,WR,22,9,3,0,0,0,0,0,0,19,9,121,13.44,0,0,0,0,0,0,0,0,121,0,21.1
353,Rhett Ellison,MIN,TE,25,11,6,0,0,0,0,0,0,10,5,61,12.2,0,0,0,0,0,0,0,0,61,1,17.1
354,Blaine Gabbert,JAX,QB,24,3,3,42,86,481,7,9,32,0,0,0,0,2,0,481,1,86,32,0,9,0,0,12.44
355,Clyde Gates,NYJ,WR,27,6,2,0,0,0,0,0,0,24,12,122,10.17,0,0,0,0,0,0,0,0,122,0,24.2
356,Domenik Hixon,CAR,WR,29,15,0,0,0,0,0,0,0,9,7,55,7.86,0,0,0,0,0,0,0,0,55,1,18.5
357,Vance McDonald,SFO,TE,23,15,4,0,0,0,0,0,0,19,8,119,14.88,0,0,0,0,0,0,0,0,119,0,19.9
358,Danny Noble,JAX,TE,24,8,1,0,0,0,0,0,0,3,2,63,31.5,0,0,0,0,0,0,0,0,63,1,14.3
359,Isaiah Pead,STL,RB,24,10,0,0,0,0,0,7,21,15,11,78,7.09,0,0,0,0,0,21,0,7,78,0,20.9
360,Brandon Stokley,BAL,WR,37,6,0,0,0,0,0,0,0,21,13,115,8.85,0,0,0,0,0,0,0,0,115,0,24.5
361,Jeff Tuel,BUF,QB,22,2,1,26,59,309,3,3,17,0,0,0,0,0,0,309,1,59,17,0,3,0,0,12.06
362,Joel Dreessen,DEN,TE,31,13,0,0,0,0,0,0,0,9,7,47,6.71,0,0,0,0,0,0,0,0,47,1,17.7
363,Justin Forsett,JAX,RB,28,9,0,0,0,0,0,6,31,16,15,82,5.47,1,0,0,0,0,31,0,6,82,0,26.3
364,Chris Gragg,BUF,TE,23,9,1,0,0,0,0,0,0,7,5,53,10.6,0,0,0,0,0,0,0,0,53,1,16.3
365,Chris Owusu,TAM,WR,23,9,4,0,0,0,0,0,0,20,13,114,8.77,0,0,0,0,0,0,0,0,114,0,24.4
366,Theo Riddick,DET,RB,22,14,0,0,0,0,0,9,25,8,4,26,6.5,0,0,0,0,0,25,1,9,26,0,15.1
367,Phillip Tanner,DAL,RB,25,16,0,0,0,0,0,9,12,4,3,33,11,1,0,0,0,0,12,1,9,33,0,13.5
368,Kenny Britt,TEN,WR,25,12,3,0,0,0,0,0,0,35,11,96,8.73,0,0,0,0,0,0,0,0,96,0,20.6
369,Brice Butler,OAK,WR,23,10,2,0,0,0,0,0,0,17,9,103,11.44,0,0,0,0,0,0,0,0,103,0,19.3
370,Josh Hill,NOR,TE,23,14,3,0,0,0,0,1,-8,10,6,44,7.33,0,0,0,0,0,-8,0,1,44,1,15.6
371,Will Johnson,PIT,RB,24,15,5,0,0,0,0,0,0,11,8,41,5.13,0,0,0,0,0,0,0,0,41,1,18.1
372,Matt Simms,NYJ,QB,25,3,0,16,31,156,1,5,37,0,0,0,0,1,1,156,1,31,37,0,5,0,0,9.94
373,Deonte Thompson,BAL,WR,24,7,0,0,0,0,0,0,0,20,10,96,9.6,0,0,0,0,0,0,0,0,96,0,19.6
374,Ryan Broyles,DET,WR,25,6,3,0,0,0,0,0,0,14,8,85,10.63,0,0,0,0,0,0,0,0,85,0,16.5
375,Stephen Burton,JAX,WR,24,4,2,0,0,0,0,1,-9,13,8,76,9.5,0,0,0,0,0,-9,0,1,76,0,14.7
376,Kellen Davis,SEA,WR,28,15,4,0,0,0,0,0,0,4,3,32,10.67,0,0,0,0,0,0,0,0,32,1,12.2
377,Jacoby Ford,OAK,WR,26,14,1,0,0,0,0,5,15,24,13,99,7.62,4,1,0,0,0,15,0,5,99,0,22.4
378,Dan Herron,IND,RB,24,6,0,0,0,0,0,5,33,1,1,57,57,0,0,0,0,0,33,0,5,57,0,10
379,Mario Manningham,SFO,WR,27,6,3,0,0,0,0,0,0,23,9,85,9.44,0,0,0,0,0,0,0,0,85,0,17.5
380,Jeron Mastrud,OAK,TE,26,16,12,0,0,0,0,0,0,13,6,88,14.67,0,0,0,0,0,0,0,0,88,0,14.8
381,Dion Sims,MIA,WR,22,15,5,0,0,0,0,0,0,10,6,32,5.33,0,0,0,0,0,0,0,0,32,1,15.2
382,Dwayne Allen,IND,TE,23,1,1,0,0,0,0,0,0,2,1,20,20,0,0,0,0,0,0,0,0,20,1,9
383,Tom Crabtree,TAM,TE,28,7,5,0,0,0,0,0,0,7,4,21,5.25,0,0,0,0,0,0,0,0,21,1,12.1
384,Josh Cribbs,NYJ,WR,30,6,0,2,3,38,0,13,55,2,2,6,3,0,0,38,0,3,55,0,13,6,0,9.62
385,Mike Goodson,NYJ,RB,26,2,0,0,0,0,0,7,61,3,2,19,9.5,0,0,0,0,0,61,0,7,19,0,10
386,Chris Hogan,BUF,WR,26,16,0,0,0,0,0,0,0,17,10,83,8.3,0,0,0,0,0,0,0,0,83,0,18.3
387,LaMichael James,SFO,RB,24,10,0,0,0,0,0,12,59,3,2,16,8,3,0,0,0,0,59,0,12,16,0,9.5
388,Ricardo Lockette,SEA,WR,27,8,1,0,0,0,0,1,-2,7,5,82,16.4,0,0,0,0,0,-2,0,1,82,0,13
389,Christine Michael,SEA,RB,23,4,0,0,0,0,0,18,79,0,0,0,0,0,0,0,0,0,79,0,18,0,0,7.9
390,Derek Moye,PIT,WR,25,7,0,0,0,0,0,0,0,6,2,20,10,0,0,0,0,0,0,0,0,20,1,10
391,Matthew Mulligan,NWE,TE,28,15,4,0,0,0,0,0,0,3,2,16,8,0,0,0,0,0,0,0,0,16,1,9.6
392,Louis Murphy,NYG,WR,26,14,0,0,0,0,0,0,0,13,6,37,6.17,1,1,0,0,0,0,0,0,37,1,13.7
393,Bear Pascoe,NYG,RB,27,16,6,0,0,0,0,1,2,20,12,81,6.75,0,0,0,0,0,2,0,1,81,0,20.3
394,David Paulson,PIT,TE,24,16,4,0,0,0,0,0,0,10,6,102,17,1,1,0,0,0,0,0,0,102,0,14.2
395,Tony Scheffler,DET,TE,30,5,1,0,0,0,0,0,0,12,7,82,11.71,0,0,0,0,0,0,0,0,82,0,15.2
396,Lee Smith,BUF,RB,26,16,14,0,0,0,0,0,0,9,5,78,15.6,0,0,0,0,0,0,0,0,78,0,12.8
397,Travaris Cadet,NOR,RB,24,13,0,0,0,0,0,0,0,2,2,5,2.5,0,0,0,0,0,0,0,0,5,1,8.5
398,Michael Egnew,MIA,WR,24,16,5,0,0,0,0,0,0,11,7,69,9.86,0,0,0,0,0,0,0,0,69,0,13.9
399,Cyrus Gray,KAN,RB,24,16,0,0,0,0,0,9,24,10,7,46,6.57,0,0,0,0,0,24,0,9,46,0,14
400,James Hanna,DAL,TE,24,16,8,0,0,0,0,0,0,15,12,73,6.08,0,0,0,0,0,0,0,0,73,0,19.3
401,David Johnson,PIT,WR,26,5,2,0,0,0,0,0,0,6,4,70,17.5,0,0,0,0,0,0,0,0,70,0,11
402,Nick Kasa,OAK,TE,23,16,1,0,0,0,0,0,0,5,1,9,9,0,0,0,0,0,0,0,0,9,1,7.9
403,Marlon Moore,2TM,WR,26,14,0,0,0,0,0,1,9,15,7,62,8.86,0,0,0,0,0,9,0,1,62,0,14.1
404,Jamize Olawale,OAK,RB,24,16,1,0,0,0,0,3,6,11,7,63,9,0,0,0,0,0,6,0,3,63,0,13.9
405,Alex Smith,CIN,TE,31,16,1,0,0,0,0,0,0,6,3,12,4,1,0,0,0,0,0,0,0,12,1,10.2
406,Matt Spaeth,PIT,TE,30,4,2,0,0,0,0,0,0,2,1,11,11,0,0,0,0,0,0,0,0,11,1,8.1
407,Jeremy Stewart,OAK,RB,24,13,0,0,0,0,0,2,2,2,2,6,3,0,0,0,0,0,2,1,2,6,0,8.8
408,Taylor Thompson,TEN,TE,24,16,3,0,0,0,0,0,0,7,3,13,4.33,0,0,0,0,0,0,0,0,13,1,10.3
409,Nick Toon,NOR,WR,25,8,3,0,0,0,0,0,0,12,4,68,17,0,0,0,0,0,0,0,0,68,0,10.8
410,Myles White,GNB,WR,23,7,0,0,0,0,0,0,0,12,9,66,7.33,0,0,0,0,0,0,0,0,66,0,15.6
411,Vick Ballard,IND,RB,23,1,1,0,0,0,0,13,63,2,1,-5,-5,0,0,0,0,0,63,0,13,-5,0,6.8
412,Austin Collie,NWE,WR,28,7,1,0,0,0,0,0,0,11,6,63,10.5,0,0,0,0,0,0,0,0,63,0,12.3
413,Josh Cooper,CLE,WR,24,5,0,0,0,0,0,0,0,14,9,60,6.67,0,0,0,0,0,0,0,0,60,0,15
414,Michael Cox,NYG,RB,25,14,1,0,0,0,0,22,43,3,3,12,4,0,0,0,0,0,43,0,22,12,0,8.5
415,Tony Fiammetta,CHI,RB,27,16,7,0,0,0,0,0,0,6,4,57,14.25,0,0,0,0,0,0,0,0,57,0,9.7
416,Taiwan Jones,OAK,RB,25,16,0,0,0,0,0,5,23,3,2,55,27.5,2,1,0,0,0,23,0,5,55,0,7.8
417,Quinton Patton,SFO,WR,23,6,0,0,0,0,0,1,26,5,3,34,11.33,0,0,0,0,0,26,0,1,34,0,9
418,Dane Sanzenbacher,CIN,WR,25,10,1,0,0,0,0,0,0,8,6,61,10.17,0,0,0,0,0,0,0,0,61,0,12.1
419,Zach Sudfeld,2TM,TE,24,14,2,0,0,0,0,0,0,10,5,63,12.6,0,0,0,0,0,0,0,0,63,0,11.3
420,Markus Wheaton,PIT,WR,22,12,1,0,0,0,0,0,0,13,6,64,10.67,0,0,0,0,0,0,0,0,64,0,12.4
421,Patrick DiMarco,ATL,RB,24,14,7,0,0,0,0,0,0,10,8,49,6.13,0,0,0,0,0,0,0,0,49,0,12.9
422,Patrick Edwards,DET,WR,25,4,2,0,0,0,0,0,0,11,5,46,9.2,0,0,0,0,0,0,0,0,46,0,9.6
423,MarQueis Gray,CLE,TE,24,12,2,0,0,0,0,6,43,9,2,8,4,0,0,0,0,0,43,0,6,8,0,7.1
424,Virgil Green,DEN,TE,25,16,3,0,0,0,0,0,0,12,9,45,5,0,0,0,0,0,0,0,0,45,0,13.5
425,Michael Hill,2TM,RB,24,8,0,0,0,0,0,9,23,2,2,23,11.5,0,0,0,0,0,23,0,9,23,0,6.6
426,Deji Karim,HOU,RB,27,7,0,0,0,0,0,12,51,2,1,-1,-1,0,0,0,0,0,51,0,12,-1,0,6
427,Erik Lorig,TAM,RB,27,15,9,0,0,0,0,0,0,14,11,47,4.27,0,0,0,0,0,0,0,0,47,0,15.7
428,Niles Paul,WAS,RB,24,15,4,0,0,0,0,0,0,8,4,51,12.75,0,0,0,0,0,0,0,0,51,0,9.1
429,Weslye Saunders,IND,TE,24,6,1,0,0,0,0,0,0,11,4,46,11.5,0,0,0,0,0,0,0,0,46,0,8.6
430,Tyrod Taylor,BAL,QB,24,3,0,1,5,2,1,8,64,1,1,6,6,0,0,2,0,5,64,0,8,6,0,6.08
431,Teddy Williams,ARI,WR,25,3,0,0,0,0,0,0,0,1,1,51,51,0,0,0,0,0,0,0,0,51,0,6.1
432,C.J. Anderson,DEN,RB,22,5,0,0,0,0,0,7,38,1,0,0,0,0,0,0,0,0,38,0,7,0,0,3.8
433,Kevin Brock,2TM,TE,27,8,0,0,0,0,0,0,0,6,3,36,12,0,0,0,0,0,0,0,0,36,0,6.6
434,Nate Byham,TAM,RB,25,4,3,0,0,0,0,0,0,3,3,38,12.67,0,0,0,0,0,0,0,0,38,0,6.8
435,Garrett Celek,SFO,TE,25,12,1,0,0,0,0,0,0,4,2,38,19,1,0,0,0,0,0,0,0,38,0,5.8
436,Jeff Demps,TAM,RB,23,2,0,0,0,0,0,1,14,3,3,21,7,0,0,0,0,0,14,0,1,21,0,6.5
437,Jerome Felton,MIN,RB,27,13,9,0,0,0,0,0,0,8,6,37,6.17,0,0,0,0,0,0,0,0,37,0,9.7
438,Alex Green,NYJ,RB,25,13,0,0,0,0,0,11,35,2,2,8,4,0,0,0,0,0,35,0,11,8,0,6.3
439,Lestar Jean,HOU,WR,25,13,0,0,0,0,0,0,0,8,4,35,8.75,0,0,0,0,0,0,0,0,35,0,7.5
440,Greg Jones,HOU,RB,32,16,5,0,0,0,0,2,2,11,5,34,6.8,0,0,0,0,0,2,0,2,34,0,8.6
441,Brock Osweiler,DEN,QB,23,4,0,11,16,95,0,3,2,0,0,0,0,0,0,95,0,16,2,0,3,0,0,4
442,Eric Page,TAM,WR,22,16,1,0,0,0,0,2,14,9,4,68,17,3,2,0,0,0,14,0,2,68,0,8.2
443,Allen Reisner,JAX,TE,25,5,3,0,0,0,0,0,0,9,5,40,8,0,0,0,0,0,0,0,0,40,0,9
444,Will Ta'ufo'ou,JAX,RB,27,16,7,0,0,0,0,1,1,15,10,40,4,0,0,0,0,0,1,0,1,40,0,14.1
445,Seneca Wallace,GNB,QB,33,2,1,16,24,139,1,0,0,0,0,0,0,0,0,139,0,24,0,0,0,0,0,3.56
446,Nick Williams,WAS,WR,23,5,0,0,0,0,0,0,0,11,3,15,5,1,0,0,0,0,0,0,0,15,0,4.5
447,Jonathan Baldwin,SFO,WR,24,7,1,0,0,0,0,0,0,9,3,28,9.33,0,0,0,0,0,0,0,0,28,0,5.8
448,James Casey,PHI,TE,29,15,1,0,0,0,0,0,0,6,3,31,10.33,0,0,0,0,0,0,0,0,31,0,6.1
449,John Conner,NYG,RB,26,13,7,0,0,0,0,0,0,11,6,31,5.17,0,0,0,0,0,0,0,0,31,0,9.1
450,Juron Criner,OAK,WR,24,1,0,0,0,0,0,0,0,8,3,32,10.67,0,0,0,0,0,0,0,0,32,0,6.2
451,Dominique Davis,ATL,WR,24,1,0,5,7,34,0,0,0,0,0,0,0,0,0,34,0,7,0,0,0,0,0,1.36
452,Skye Dawson,TAM,WR,23,7,0,0,0,0,0,2,15,7,2,12,6,1,0,0,0,0,15,0,2,12,0,4.7
453,Dorin Dickerson,DET,TE,25,5,0,0,0,0,0,0,0,5,2,34,17,0,0,0,0,0,0,0,0,34,0,5.4
454,Larry Donnell,NYG,TE,25,16,1,0,0,0,0,0,0,6,3,31,10.33,0,0,0,0,0,0,0,0,31,0,6.1
455,Bradie Ewing,ATL,RB,24,2,2,0,0,0,0,0,0,2,2,29,14.5,0,0,0,0,0,0,0,0,29,0,4.9
456,Matt Hasselbeck,IND,QB,38,3,0,7,12,130,1,2,-2,0,0,0,0,0,0,130,0,12,-2,0,2,0,0,3
457,Dominique Jones,2TM,TE,26,8,2,0,0,0,0,0,0,3,2,34,17,0,0,0,0,0,0,0,0,34,0,5.4
458,Le'Ron McClain,SDG,RB,29,16,2,0,0,0,0,11,32,4,2,-7,-3.5,0,0,0,0,0,32,0,11,-7,0,4.5
459,Collin Mooney,TEN,RB,27,12,4,0,0,0,0,0,0,6,6,32,5.33,0,0,0,0,0,0,0,0,32,0,9.2
460,John Phillips,SDG,TE,26,15,6,0,0,0,0,0,0,6,4,30,7.5,0,0,0,0,0,0,0,0,30,0,7
461,Isaac Redman,PIT,RB,29,3,1,0,0,0,0,10,12,5,4,14,3.5,1,0,0,0,0,12,0,10,14,0,6.6
462,Denard Robinson,JAX,WR,23,16,0,0,1,0,0,20,66,1,0,0,0,3,2,0,0,1,66,0,20,0,0,2.6
463,Michael Robinson,SEA,RB,30,9,3,0,0,0,0,1,0,3,2,27,13.5,0,0,0,0,0,0,0,1,27,0,4.7
464,Brad Smith,2TM,WR,30,8,0,0,1,0,0,2,2,2,2,27,13.5,1,0,0,0,1,2,0,2,27,0,4.9
465,LaRod Stephens-Howling,PIT,RB,26,1,0,0,0,0,0,6,19,3,2,11,5.5,0,0,0,0,0,19,0,6,11,0,5
466,Ryan Taylor,GNB,TE,26,14,1,0,0,0,0,0,0,9,6,30,5,1,0,0,0,0,0,0,0,30,0,9
467,Lamaar Thomas,JAX,WR,23,2,0,0,0,0,0,0,0,3,2,31,15.5,0,0,0,0,0,0,0,0,31,0,5.1
468,Joe Webb,MIN,WR,27,16,1,0,0,0,0,0,0,11,5,33,6.6,0,0,0,0,0,0,0,0,33,0,8.3
469,Billy Bajema,BAL,TE,31,6,1,0,0,0,0,0,0,2,2,18,9,0,0,0,0,0,0,0,0,18,0,3.8
470,Matt Barkley,PHI,QB,23,3,0,30,49,300,4,2,-2,0,0,0,0,3,1,300,0,49,-2,0,2,0,0,1.8
471,Jack Doyle,IND,TE,23,15,4,0,0,0,0,0,0,7,5,19,3.8,0,0,0,0,0,0,0,0,19,0,6.9
472,Jeremy Ebert,JAX,WR,24,5,0,0,0,0,0,0,0,8,3,18,6,0,0,0,0,0,0,0,0,18,0,4.8
473,Mike Gillislee,MIA,RB,23,3,0,0,0,0,0,6,21,0,0,0,0,0,0,0,0,0,21,0,6,0,0,2.1
474,Ray Graham,HOU,RB,23,1,0,0,0,0,0,4,8,3,1,12,12,0,0,0,0,0,8,0,4,12,0,3
475,Tori Gurley,CLE,WR,26,3,0,0,0,0,0,0,0,3,1,15,15,0,0,0,0,0,0,0,0,15,0,2.5
476,Chad Hall,KAN,WR,27,9,0,0,0,0,0,0,0,7,2,20,10,0,0,0,0,0,0,0,0,20,0,4
477,Percy Harvin,SEA,WR,25,1,0,0,0,0,0,0,0,1,1,17,17,0,0,0,0,0,0,0,0,17,0,2.7
478,Josh Johnson,CIN,QB,27,2,0,0,0,0,0,7,20,0,0,0,0,1,0,0,0,0,20,0,7,0,0,2
479,Kassim Osgood,SFO,WR,33,14,0,0,0,0,0,0,0,1,1,17,17,0,0,0,0,0,0,0,0,17,0,2.7
480,Cedric Peerman,CIN,RB,27,16,0,0,0,0,0,8,17,0,0,0,0,0,0,0,0,0,17,0,8,0,0,1.7
481,Bernard Scott,BAL,RB,29,2,0,0,0,0,0,4,14,2,2,10,5,0,0,0,0,0,14,0,4,10,0,4.4
482,Kory Sperry,ARI,TE,28,8,2,0,0,0,0,0,0,1,1,16,16,0,0,0,0,0,0,0,0,16,0,2.6
483,Joe Banyard,MIN,RB,25,3,0,0,0,0,0,0,0,1,1,11,11,0,0,0,0,0,0,0,0,11,0,2.1
484,Kenjon Barner,CAR,RB,23,8,0,0,0,0,0,6,7,3,2,7,3.5,1,0,0,0,0,7,0,6,7,0,3.4
485,Orson Charles,CIN,RB,22,13,0,0,0,0,0,0,0,2,1,8,8,0,0,0,0,0,0,0,0,8,0,1.8
486,Kevin Cone,ATL,WR,25,16,0,0,0,0,0,0,0,1,1,12,12,0,0,0,0,0,0,0,0,12,0,2.2
487,Marcus Easley,BUF,WR,26,16,0,0,0,0,0,0,0,5,2,13,6.5,0,0,0,0,0,0,0,0,13,0,3.3
488,Armanti Edwards,2TM,WR,25,6,0,0,0,0,0,1,0,5,1,10,10,0,0,0,0,0,0,0,1,10,0,2
489,Robert Hughes,2TM,RB,24,2,0,0,0,0,0,0,0,2,1,6,6,0,0,0,0,0,0,0,0,6,0,1.6
490,Henry Hynoski,NYG,TE,25,3,2,0,0,0,0,0,0,2,1,5,5,0,0,0,0,0,0,0,0,5,0,1.5
491,Mikel Leshoure,DET,RB,23,3,0,0,0,0,0,2,9,0,0,0,0,0,0,0,0,0,9,0,2,0,0,0.9
492,Zach Line,MIN,RB,23,3,1,0,0,0,0,0,0,3,1,8,8,0,0,0,0,0,0,0,0,8,0,1.8
493,Mike McNeill,STL,TE,25,14,0,0,0,0,0,0,0,1,1,5,5,0,0,0,0,0,0,0,0,5,0,1.5
494,Ben Obomanu,NYJ,WR,30,3,0,0,0,0,0,0,0,1,1,8,8,0,0,0,0,0,0,0,0,8,0,1.8
495,Michael Palmer,PIT,TE,25,16,0,0,0,0,0,0,0,1,1,8,8,0,0,0,0,0,0,0,0,8,0,1.8
496,Konrad Reuland,NYJ,TE,26,10,0,0,0,0,0,0,0,3,1,7,7,0,0,0,0,0,0,0,0,7,0,1.7
497,Dante Rosario,CHI,TE,29,15,3,0,0,0,0,0,0,4,1,13,13,0,0,0,0,0,0,0,0,13,0,2.3
498,Armond Smith,CAR,RB,27,5,0,0,0,0,0,4,5,0,0,0,0,0,0,0,0,0,5,0,4,0,0,0.5
499,Craig Stevens,TEN,TE,29,15,14,0,0,0,0,0,0,6,2,5,2.5,0,0,0,0,0,0,0,0,5,0,2.5
500,Brandon Tate,CIN,WR,26,16,0,0,0,0,0,0,0,2,1,6,6,2,0,0,0,0,0,0,0,6,0,1.6
501,Brian Tyms,CLE,WR,24,7,0,0,0,0,0,0,0,5,2,12,6,0,0,0,0,0,0,0,0,12,0,3.2
502,Spencer Ware,SEA,RB,22,2,0,0,0,0,0,3,10,0,0,0,0,0,0,0,0,0,10,0,3,0,0,1
503,Eric Weems,CHI,WR,28,16,0,0,0,0,0,0,0,2,1,8,8,0,0,0,0,0,0,0,0,8,0,1.8
504,Marquess Wilson,CHI,WR,21,10,1,0,0,0,0,0,0,3,2,13,6.5,0,0,0,0,0,0,0,0,13,0,3.3
505,Ronnie Wingo,BUF,RB,22,2,0,0,0,0,0,1,4,1,1,2,2,0,0,0,0,0,4,0,1,2,0,1.6
506,Cierre Wood,2TM,RB,22,5,0,0,0,0,0,3,9,0,0,0,0,0,0,0,0,0,9,0,3,0,0,0.9
507,T.J. Yates,HOU,QB,26,3,0,15,22,113,2,1,0,0,0,0,0,1,0,113,0,22,0,0,1,0,0,0.52
508,Derek Anderson,CAR,QB,30,4,0,0,0,0,0,5,0,0,0,0,0,0,0,0,0,0,0,0,5,0,0,0
509,Joe Anderson,CHI,0,25,6,0,0,0,0,0,0,0,1,0,0,0,0,0,0,0,0,0,0,0,0,0,0
510,Josh Bellamy,WAS,0,24,5,0,0,0,0,0,0,0,0,0,0,0,0,0,0,0,0,0,0,0,0,0,0
511,Kahlil Bell,GNB,0,27,3,0,0,0,0,0,0,0,0,0,0,0,0,0,0,0,0,0,0,0,0,0,0
512,Allen Bradford,2TM,0,25,10,0,0,0,0,0,0,0,0,0,0,0,0,0,0,0,0,0,0,0,0,0,0
513,Rex Burkhead,CIN,0,23,1,0,0,0,0,0,0,0,0,0,0,0,0,0,0,0,0,0,0,0,0,0,0
514,Jake Byrne,2TM,0,23,8,0,0,0,0,0,0,0,0,0,0,0,0,0,0,0,0,0,0,0,0,0,0
515,Derek Carrier,SFO,0,23,5,0,0,0,0,0,0,0,0,0,0,0,0,0,0,0,0,0,0,0,0,0,0
516,Delone Carter,JAX,0,26,1,0,0,0,0,0,0,0,0,0,0,0,0,0,0,0,0,0,0,0,0,0,0
517,Chase Coffman,ATL,0,27,11,0,0,0,0,0,0,0,2,0,0,0,0,0,0,0,0,0,0,0,0,0,0
518,B.J. Cunningham,PHI,0,24,2,0,0,0,0,0,0,0,0,0,0,0,0,0,0,0,0,0,0,0,0,0,0
519,Justice Cunningham,2TM,TE,22,2,0,0,0,0,0,0,0,1,1,4,4,0,0,0,0,0,0,0,0,4,0,1.4
520,Shaun Draughn,BAL,RB,26,3,0,0,0,0,0,4,2,0,0,0,0,0,0,0,0,0,2,0,4,0,0,0.2
521,Michael Ford,CHI,0,23,12,0,0,0,0,0,0,0,0,0,0,0,0,0,0,0,0,0,0,0,0,0,0
522,Richard Gordon,KAN,TE,26,2,0,0,0,0,0,0,0,1,1,3,3,0,0,0,0,0,0,0,0,3,0,1.3
523,Saalim Hakim,NYJ,WR,23,3,0,0,0,0,0,2,-3,1,0,0,0,0,0,0,0,0,-3,0,2,0,0,-0.3
524,Chris Harper,GNB,0,24,4,0,0,0,0,0,0,0,0,0,0,0,0,0,0,0,0,0,0,0,0,0,0
525,Clark Harris,CIN,0,29,16,0,0,0,0,0,0,0,0,0,0,0,0,0,0,0,0,0,0,0,0,0,0
526,Ben Hartsock,CAR,0,33,13,2,0,0,0,0,0,0,0,0,0,0,0,0,0,0,0,0,0,0,0,0,0
527,Lavelle Hawkins,SDG,0,27,4,0,0,0,0,0,0,0,0,0,0,0,0,0,0,0,0,0,0,0,0,0,0
528,Shaun Hill,DET,QB,33,1,0,0,0,0,0,2,-2,0,0,0,0,0,0,0,0,0,-2,0,2,0,0,-0.2
529,D.C. Jefferson,ARI,0,24,4,0,0,0,0,0,0,0,0,0,0,0,0,0,0,0,0,0,0,0,0,0,0
530,Quinn Johnson,TEN,0,27,4,0,0,0,0,0,0,0,1,0,0,0,0,0,0,0,0,0,0,0,0,0,0
531,Landry Jones,PIT,0,24,1,0,0,0,0,0,0,0,0,0,0,0,0,0,0,0,0,0,0,0,0,0,0
532,Travis Kelce,KAN,0,24,1,0,0,0,0,0,0,0,0,0,0,0,0,0,0,0,0,0,0,0,0,0,0
533,Mike Leach,ARI,0,37,16,0,0,0,0,0,0,0,0,0,0,0,0,0,0,0,0,0,0,0,0,0,0
534,Lance Lewis,WAS,0,25,3,0,0,0,0,0,0,0,0,0,0,0,0,0,0,0,0,0,0,0,0,0,0
535,Elbert Mack,HOU,0,27,8,0,0,0,0,0,0,0,0,0,0,0,0,0,0,0,0,0,0,0,0,0,0
536,Colt McCoy,SFO,QB,27,4,0,1,1,13,0,6,-6,0,0,0,0,0,0,13,0,1,-6,0,6,0,0,-0.08
537,Luke McCown,NOR,QB,32,16,0,0,1,0,0,3,-4,0,0,0,0,0,0,0,0,1,-4,0,3,0,0,-0.4
538,Marvin McNutt,CAR,0,24,1,0,0,0,0,0,0,0,1,0,0,0,0,0,0,0,0,0,0,0,0,0,0
539,Keavon Milton,CLE,0,23,8,0,0,0,0,0,0,0,0,0,0,0,0,0,0,0,0,0,0,0,0,0,0
540,Tony Moeaki,BUF,0,26,2,0,0,0,0,0,0,0,0,0,0,0,0,0,0,0,0,0,0,0,0,0,0
541,Dan Orlovsky,TAM,0,30,2,0,0,0,0,0,0,0,0,0,0,0,0,0,0,0,0,0,0,0,0,0,0
542,Montell Owens,DET,0,29,1,0,0,0,0,0,0,0,0,0,0,0,0,0,0,0,0,0,0,0,0,0,0
543,Tobais Palmer,JAX,0,23,1,0,0,0,0,0,0,0,0,0,0,0,0,0,0,0,0,0,0,0,0,0,0
544,Chris Rainey,IND,0,25,2,0,0,0,0,0,0,0,1,0,0,0,2,0,0,0,0,0,0,0,0,0,0
545,David Reed,IND,WR,26,7,0,0,0,0,0,0,0,3,1,2,2,0,0,0,0,0,0,0,0,2,0,1.2
546,Adrien Robinson,NYG,0,25,1,0,0,0,0,0,0,0,0,0,0,0,0,0,0,0,0,0,0,0,0,0,0
547,Brian Robiskie,ATL,0,26,1,0,0,0,0,0,0,0,1,0,0,0,0,0,0,0,0,0,0,0,0,0,0
548,Evan Rodriguez,BUF,0,25,7,0,0,0,0,0,0,0,1,0,0,0,0,0,0,0,0,0,0,0,0,0,0
549,Evan Royster,WAS,RB,26,10,0,0,0,0,0,2,0,1,1,3,3,0,0,0,0,0,0,0,2,3,0,1.3
550,Russell Shepard,TAM,0,23,14,0,0,0,0,0,0,0,0,0,0,0,0,0,0,0,0,0,0,0,0,0,0
551,Visanthe Shiancoe,TEN,TE,33,1,1,0,0,0,0,0,0,2,2,2,1,0,0,0,0,0,0,0,0,2,0,2.2
552,Matthew Slater,NWE,0,28,12,0,0,0,0,0,0,0,0,0,0,0,0,0,0,0,0,0,0,0,0,0,0
553,Brad Smelley,HOU,0,24,2,0,0,0,0,0,0,0,0,0,0,0,0,0,0,0,0,0,0,0,0,0,0
554,Rodney Smith,MIN,0,23,4,0,0,0,0,0,0,0,0,0,0,0,0,0,0,0,0,0,0,0,0,0,0
555,Nate Solder,NWE,0,25,15,15,0,0,0,0,0,0,1,0,0,0,0,0,0,0,0,0,0,0,0,0,0
556,Ryan Spadola,2TM,0,22,4,0,0,0,0,0,0,0,1,0,0,0,0,0,0,0,0,0,0,0,0,0,0
557,Micheal Spurlock,2TM,0,30,11,0,0,0,0,0,0,0,0,0,0,0,0,0,0,0,0,0,0,0,0,0,0
558,Luke Stocker,TAM,0,25,2,2,0,0,0,0,0,0,0,0,0,0,0,0,0,0,0,0,0,0,0,0,0
559,Jake Stoneburner,GNB,0,24,9,0,0,0,0,0,0,0,0,0,0,0,0,0,0,0,0,0,0,0,0,0,0
560,Phillip Supernaw,HOU,0,23,1,0,0,0,0,0,0,0,0,0,0,0,0,0,0,0,0,0,0,0,0,0,0
561,Julian Talley,NYG,0,24,2,0,0,0,0,0,0,0,2,0,0,0,0,0,0,0,0,0,0,0,0,0,0
562,Chris Thompson,WAS,0,23,4,0,0,0,0,0,0,0,0,0,0,0,0,0,0,0,0,0,0,0,0,0,0
563,Matthew Tucker,PHI,0,22,2,0,0,0,0,0,0,0,0,0,0,0,0,0,0,0,0,0,0,0,0,0,0
564,Josh Vaughan,ATL,RB,27,6,0,0,0,0,0,1,1,1,1,-5,-5,0,0,0,0,0,1,0,1,-5,0,0.6
565,Matt Veldman,DET,0,25,1,0,0,0,0,0,0,0,0,0,0,0,0,0,0,0,0,0,0,0,0,0,0
566,Justin Veltung,STL,0,22,3,0,0,0,0,0,0,0,0,0,0,0,0,0,0,0,0,0,0,0,0,0,0
567,Leon Washington,2TM,RB,31,7,0,0,0,0,0,1,1,1,0,0,0,1,0,0,0,0,1,0,1,0,0,0.1
568,Ryan Whalen,CIN,0,24,4,0,0,0,0,0,0,0,0,0,0,0,0,0,0,0,0,0,0,0,0,0,0
569,Brandon Williams,CAR,0,26,9,0,0,0,0,0,0,0,0,0,0,0,0,0,0,0,0,0,0,0,0,0,0
570,Kerwynn Williams,2TM,0,22,2,0,0,0,0,0,0,0,0,0,0,0,0,0,0,0,0,0,0,0,0,0,0
571,Stephen Williams,2TM,0,27,6,0,0,0,0,0,0,0,4,0,0,0,0,0,0,0,0,0,0,0,0,0,0
572,George Wilson,TEN,0,32,16,3,0,0,0,0,0,0,0,0,0,0,0,0,0,0,0,0,0,0,0,0,0
573,Will Yeatman,MIA,0,25,8,0,0,0,0,0,0,0,0,0,0,0,0,0,0,0,0,0,0,0,0,0,0
574,Richie Brockel,CAR,TE,27,16,0,0,0,0,0,1,1,1,1,12,12,1,1,0,0,0,1,0,1,12,0,0.3
575,Damaris Johnson,PHI,WR,24,13,0,0,0,0,0,0,0,3,2,14,7,1,1,0,0,0,0,0,0,14,0,1.4
576,Charlie Whitehurst,SDG,QB,31,2,0,0,0,0,0,6,-5,0,0,0,0,0,0,0,0,0,-5,0,6,0,0,-0.5
577,Tyler Clutts,2TM,RB,29,8,0,0,0,0,0,0,0,2,1,4,4,1,1,0,0,0,0,0,0,4,0,-0.6
578,Greg Jenkins,OAK,0,24,6,0,0,0,0,0,0,0,1,0,0,0,1,1,0,0,0,0,0,0,0,0,-2
579,Matt Moore,MIA,QB,29,1,0,2,6,53,2,0,0,0,0,0,0,1,0,53,0,6,0,0,0,0,0,-1.88
580,Curtis Painter,NYG,QB,28,3,0,8,16,57,2,3,-2,0,0,0,0,2,0,57,0,16,-2,0,3,0,0,-1.92
581,Darius Reynaud,2TM,RB,29,9,0,0,0,0,0,1,0,2,1,4,4,1,1,0,0,0,0,0,1,4,0,-0.6
582,Devon Wylie,TEN,0,25,2,0,0,0,0,0,0,0,0,0,0,0,2,1,0,0,0,0,0,0,0,0,-2
583,Trindon Holliday,DEN,WR,27,15,0,0,0,0,0,1,7,0,0,0,0,5,2,0,0,0,7,0,1,0,0,-3.3
