,Current Sat Longitude,Sat Name,NORAD Number,Launch date,TLE Source,Site,Org,Op,Current Lat,Lat drift 10 minutes,Lon drift 10 minutes,Longitude at Epoch,Lon Driftrate [deg pr.day],Inclination,E/W Lon Osc (Incl),E/W Lon Osc (Ecc),Apogee[km],Perigee[km],Altitude [km],ID
330,  0.3164°W,METEOSAT-11 (MSG4),40732,2015-07-15 00:00:00,CEL,FRGUI,EUME,+,  -0.0733°S,0.011°S,0.000°W,  0.3244°W,0.008°E,   0.257°,0.0003°,0.0141°,35792,35782,35789,2015-034A  
331,  0.6539°W,THOR 7,40613,2015-04-26 00:00:00,CEL,FRGUI,NOR,+,   0.0015°N,0.000°S,0.001°W,  0.6697°W,0.001°W,   0.007°,0.0000°,0.0276°,35798,35778,35796,2015-022A  
332,  0.7299°W,THOR 5,32487,2008-02-11 00:00:00,CEL,TYMSC,NOR,+,  -0.0326°S,0.001°N,0.001°W,  0.7502°W,0.007°E,   0.022°,0.0000°,0.0257°,35797,35778,35795,2008-006A  
333,  0.8450°W,THOR 6,36033,2009-10-29 00:00:00,CEL,FRGUI,NOR,+,   0.0283°N,0.001°S,0.001°W,  0.8604°W,0.003°E,   0.061°,0.0000°,0.0215°,35795,35780,35792,2009-058B  
334,  0.9760°W,MEV-2,46113,2020-08-15 00:00:00,CEL,FRGUI,US,+,  -0.0440°S,0.000°N,0.000°W,  0.9879°W,0.007°E,   0.019°,0.0000°,0.0062°,35789,35785,35788,2020-056B  
335,  0.9908°W,INTELSAT 10-02,28358,2004-06-16 00:00:00,CEL,TYMSC,ITSO,+,  -0.0270°S,0.000°N,0.000°W,  0.9885°W,0.002°W,   0.003°,0.0000°,0.0065°,35790,35785,35788,2004-022A  
336,  1.7562°W,SKYNET 4E,25639,1999-02-26 00:00:00,CEL,FRGUI,UK,+,  -7.4914°S,0.360°S,0.005°W,  1.6511°W,0.002°E,  11.237°,0.5514°,0.0263°,35797,35778,35796,1999-009B  
329,  1.9033°E,BULGARIASAT-1,42801,2017-06-23 00:00:00,CEL,AFETR,BUL,+,  -0.0062°S,0.000°S,0.001°W,  1.8817°E,0.003°E,   0.026°,0.0000°,0.0302°,35799,35776,35797,2017-038A  
328,  2.8996°E,RASCOM-QAF 1R,36831,2010-08-04 00:00:00,CEL,FRGUI,RASC,+,  -0.0060°S,0.000°S,0.003°W,  2.8621°E,0.003°W,   0.009°,0.0000°,0.0625°,35811,35765,35809,2010-037B  
337,  3.0194°W,ABS-3A,40424,2015-03-02 00:00:00,CEL,AFETR,ABS,+,  -0.0344°S,0.000°N,0.000°W,  3.0150°W,0.001°E,   0.011°,0.0000°,0.0255°,35797,35778,35789,2015-010A  
327,  3.1630°E,EUTELSAT 3B,39773,2014-05-26 00:00:00,CEL,SEAL ,EUTE,+,  -0.0655°S,0.002°S,0.000°W,  3.0713°E,0.007°E,   0.069°,0.0000°,0.0605°,35809,35765,35786,2014-030A  
338,  3.8832°W,ASIASAT 8 (AMOS-7),40107,2014-08-05 00:00:00,CEL,AFETR,AC,+,   0.0008°N,0.000°S,0.001°W,  3.8946°W,0.000°W,   0.009°,0.0000°,0.0199°,35795,35780,35793,2014-046A  
326,  4.0917°E,AEHF-1 (USA 214),36868,2010-08-14 00:00:00,CEL,AFETR,US,+,   1.7165°N,0.182°S,0.009°W,  3.8496°E,0.006°E,   4.487°,0.0879°,0.0786°,35816,35758,35811,2010-039A  
339,  4.1528°W,AMOS-3,32794,2008-04-28 00:00:00,CEL,TYMSC,ISRA,+,  -0.0101°S,0.001°S,0.001°W,  4.1084°W,0.003°W,   0.024°,0.0000°,0.0307°,35799,35777,35798,2008-022A  
325,  4.8097°E,ASTRA 4A (SIRIUS 4),32299,2007-11-17 00:00:00,CEL,TYMSC,SES,+,  -0.0442°S,0.001°N,0.001°W,  4.7833°E,0.008°E,   0.021°,0.0000°,0.0313°,35799,35776,35797,2007-057A  
340,  4.9606°W,EUTELSAT 5 WEST A,27460,2002-07-05 00:00:00,CEL,FRGUI,EUTE,+,   1.2592°N,0.083°S,0.004°W,  5.0280°W,0.003°E,   2.273°,0.0226°,0.0640°,35811,35764,35809,2002-035A  
341,  4.9624°W,EUTELSAT 5 WEST B,44624,2019-10-09 00:00:00,CEL,TYMSC,EUTE,P,  -0.0738°S,0.002°S,0.002°W,  5.0039°W,0.002°W,   0.067°,0.0000°,0.0740°,35815,35761,35806,2019-067A  
324,  4.9770°E,SES-5,38652,2012-07-09 00:00:00,CEL,TYMSC,SES,+,  -0.0673°S,0.002°N,0.001°W,  4.9653°E,0.000°W,   0.056°,0.0000°,0.0211°,35796,35780,35794,2012-036A  
342,  5.1853°W,SYRACUSE 3B,29273,2006-08-11 00:00:00,CEL,FRGUI,FR,+,   0.0193°N,0.001°S,0.002°W,  5.2249°W,0.002°E,   0.048°,0.0000°,0.0584°,35809,35766,35806,2006-033B  
323,  5.9851°E,WGS F1 (USA 195),32258,2007-10-11 00:00:00,CEL,AFETR,US,+,  -0.0383°S,0.000°N,0.000°E,  5.9881°E,0.002°W,   0.019°,0.0000°,0.0018°,35789,35787,35786,2007-046A  
322,  6.9516°E,EUTELSAT 7B,39163,2013-05-14 00:00:00,CEL,TYMSC,EUTE,+,  -0.0792°S,0.001°S,0.002°W,  6.9288°E,0.000°E,   0.069°,0.0000°,0.0550°,35808,35767,35803,2013-022A  
321,  6.9707°E,EUTELSAT 7C,44334,2019-06-20 00:00:00,CEL,FRGUI,EUTE,+,  -0.0266°S,0.002°N,0.001°W,  6.9419°E,0.003°E,   0.047°,0.0000°,0.0356°,35801,35774,35799,2019-034B  
343,  6.9862°W,NILESAT 201,36830,2010-08-04 00:00:00,CEL,FRGUI,EGYP,+,   0.0011°N,0.000°S,0.002°W,  7.0095°W,0.006°W,   0.021°,0.0000°,0.0443°,35804,35772,35799,2010-037A  
320,  7.2110°E,EUTELSAT KONNECT,45027,2020-01-16 00:00:00,CEL,FRGUI,EUTE,+,   0.0128°N,0.001°S,0.000°E,  7.2137°E,0.002°E,   0.057°,0.0000°,0.0106°,35791,35784,35782,2020-005B  
344,  7.2217°W,EUTELSAT 7 WEST A,37816,2011-09-24 00:00:00,CEL,SEAL ,EUTE,+,  -0.0274°S,0.004°S,0.000°E,  7.2386°W,0.005°E,   0.091°,0.0000°,0.0680°,35812,35762,35784,2011-051A  
345,  7.9800°W,EUTELSAT 8 WEST B,40875,2015-08-20 00:00:00,CEL,FRGUI,EUTE,+,  -0.0570°S,0.003°S,0.003°W,  8.0276°W,0.000°W,   0.071°,0.0000°,0.0702°,35813,35762,35811,2015-039B  
319,  8.6711°E,SBIRS GEO-5 (USA 315),48618,2021-05-18 00:00:00,CEL,AFETR,US,+,  -7.2222°S,0.077°N,0.020°E,  8.6521°E,0.013°E,   7.378°,0.2377°,0.0625°,35810,35764,35778,2021-042A  
318,  8.9989°E,EUTELSAT 9B,41310,2016-01-29 00:00:00,CEL,TYMSC,EUTE,+,  -0.0039°S,0.003°S,0.000°W,  9.0001°E,0.009°E,   0.085°,0.0000°,0.0085°,35790,35784,35788,2016-005A  
317,  9.0277°E,EUTELSAT KA-SAT 9A,37258,2010-12-26 00:00:00,CEL,TYMSC,EUTE,+,  -0.0508°S,0.003°N,0.002°W,  8.9392°E,0.001°E,   0.064°,0.0000°,0.0522°,35807,35768,35800,2010-069A  
316,  9.3914°E,METEOSAT-10 (MSG3),38552,2012-07-05 00:00:00,CEL,FRGUI,EUME,+,  -0.7604°S,0.056°S,0.001°W,  9.4150°E,0.024°W,   1.497°,0.0098°,0.0035°,35791,35788,35789,2012-035B  
346,  9.9147°W,HELLAS-SAT 2,27811,2003-05-13 00:00:00,CEL,AFETR,GREC,+,   2.0439°N,0.133°S,0.005°W, 10.0256°W,0.001°E,   3.642°,0.0579°,0.0674°,35812,35763,35810,2003-020A  
315,  9.9821°E,EUTELSAT 10A,34710,2009-04-03 00:00:00,CEL,TYMSC,EUTE,+,  -0.0721°S,0.000°S,0.003°W,  9.9461°E,0.004°W,   0.054°,0.0000°,0.0670°,35813,35763,35811,2009-016A  
314, 10.3100°E,ECHOSTAR 21,42749,2017-06-08 00:00:00,CEL,TYMSC,US,+,  -3.5338°S,0.089°N,0.002°E, 10.2157°E,0.003°E,   4.021°,0.0706°,0.0229°,35796,35779,35795,2017-032A  
313, 10.9831°E,INMARSAT GX5,44801,2019-11-26 00:00:00,CEL,FRGUI,IM,+,  -0.0658°S,0.001°N,0.001°W, 10.9691°E,0.003°W,   0.043°,0.0000°,0.0201°,35795,35781,35794,2019-080B  
347, 10.9845°W,EXPRESS-AM44,33595,2009-02-11 00:00:00,CEL,TYMSC,CIS,+,  -0.0250°S,0.000°N,0.000°W, 10.9865°W,0.000°E,   0.015°,0.0000°,0.0100°,35791,35784,35786,2009-007A  
348, 11.0855°W,EXPRESS-AM33,32478,2008-01-28 00:00:00,CEL,TYMSC,CIS,+,   0.6777°N,0.033°S,0.000°E, 11.0915°W,0.001°E,   1.012°,0.0045°,0.0105°,35791,35784,35786,2008-003A  
349, 11.4626°W,TDRS 13,42915,2017-08-18 00:00:00,CEL,AFETR,US,+,  -4.3771°S,0.045°S,0.001°W, 11.4994°W,0.002°E,   4.503°,0.0886°,0.2227°,35869,35705,35854,2017-047A  
312, 12.0212°E,COSMOS 2539,44457,2019-08-05 00:00:00,CEL,TYMSC,CIS,+,   0.0194°N,0.001°S,0.000°E, 12.0207°E,0.004°E,   0.055°,0.0000°,0.0087°,35791,35784,35784,2019-048A  
350, 12.0222°W,WGS F9 (USA 275),42075,2017-03-19 00:00:00,CEL,AFETR,US,+,  -0.0481°S,0.000°N,0.000°E, 12.0130°W,0.004°W,   0.025°,0.0000°,0.0023°,35789,35787,35786,2017-016A  
351, 12.4505°W,EUTELSAT 48D,33460,2008-12-20 00:00:00,CEL,FRGUI,EUTE,+,   0.9786°N,0.045°S,0.002°W, 12.4852°W,0.001°E,   1.417°,0.0088°,0.0398°,35802,35773,35799,2008-065B  
311, 13.0090°E,EUTELSAT HOTBIRD 13B,29270,2006-08-04 00:00:00,CEL,TYMSC,EUTE,+,  -0.0878°S,0.000°S,0.002°W, 12.9831°E,0.005°E,   0.068°,0.0000°,0.0519°,35806,35768,35802,2006-032A  
310, 13.0316°E,EUTELSAT HOTBIRD 13C,33459,2008-12-20 00:00:00,CEL,FRGUI,EUTE,+,  -0.0332°S,0.003°S,0.003°W, 13.0424°E,0.011°E,   0.080°,0.0000°,0.0674°,35812,35762,35810,2008-065A  
309, 13.0601°E,EUTELSAT HOTBIRD 13E,28946,2006-03-11 00:00:00,CEL,FRGUI,EUTE,+,   0.0345°N,0.000°N,0.002°W, 12.9893°E,0.021°E,   0.059°,0.0000°,0.0507°,35805,35767,35800,2006-007B  
308, 13.1693°E,COMSATBW-2,36582,2010-05-21 00:00:00,CEL,FRGUI,GER,+,   0.0037°N,0.001°S,0.001°W, 13.1353°E,0.003°E,   0.049°,0.0000°,0.0274°,35798,35777,35796,2010-021B  
352, 14.0132°W,EXPRESS-AM8,40895,2015-09-14 00:00:00,CEL,TYMSC,CIS,+,  -0.0104°S,0.000°N,0.000°W, 14.0083°W,0.003°W,   0.009°,0.0000°,0.0038°,35789,35786,35787,2015-048A  
353, 14.4684°W,ELEKTRO-L 2,41105,2015-12-11 00:00:00,CEL,TYMSC,CIS,+,   1.9717°N,0.097°S,0.001°W, 14.5384°W,0.001°E,   2.945°,0.0379°,0.0193°,35795,35780,35787,2015-074A  
354, 14.9925°W,TELSTAR 12V,41036,2015-11-24 00:00:00,CEL,TANSC,CA,+,  -0.0149°S,0.001°S,0.001°W, 15.0090°W,0.000°E,   0.020°,0.0000°,0.0215°,35796,35780,35794,2015-068A  
355, 15.1480°W,MUOS-3,40374,2015-01-21 00:00:00,CEL,AFETR,US,+,  -1.4129°S,0.093°S,0.020°E, 15.2139°W,0.009°E,   2.553°,0.0285°,0.6051°,36010,35565,35607,2015-002A  
307, 15.6805°E,AMC-14,32708,2008-03-14 00:00:00,CEL,TYMSC,US,P, -13.8230°S,0.730°S,0.053°W, 17.2392°E,0.006°W,  22.041°,2.1214°,0.4968°,35969,35603,35939,2008-011A  
306, 16.0661°E,EUTELSAT 16A,37836,2011-10-07 00:00:00,CEL,XICLF,EUTE,+,  -0.0893°S,0.000°N,0.003°W, 15.9561°E,0.060°E,   0.069°,0.0000°,0.0708°,35809,35757,35808,2011-057A  
356, 16.1256°W,LUCH 5B,38977,2012-11-02 00:00:00,CEL,TYMSC,CIS,+,   2.3245°N,0.302°S,0.018°W, 16.4836°W,0.005°W,   7.255°,0.2298°,0.0584°,35809,35766,35798,2012-061A  
305, 16.8462°E,TIANLIAN 1-05,49011,2021-07-06 00:00:00,CEL,XICLF,PRC,+,  -1.0061°S,0.088°N,0.002°W, 16.7637°E,0.014°E,   2.212°,0.0214°,0.0317°,35798,35775,35795,2021-063A  
304, 16.9909°E,AMOS-17,44479,2019-08-06 00:00:00,CEL,AFETR,ISRA,+,  -0.0053°S,0.001°S,0.001°W, 16.9726°E,0.007°E,   0.044°,0.0000°,0.0216°,35795,35779,35794,2019-050A  
357, 17.7784°W,SKYNET 5C,33055,2008-06-12 00:00:00,CEL,FRGUI,UK,+,  -0.0452°S,0.003°S,0.002°W, 17.8108°W,0.000°W,   0.068°,0.0000°,0.0429°,35803,35772,35799,2008-030A  
358, 17.9912°W,INTELSAT 37E,42950,2017-09-29 00:00:00,CEL,FRGUI,ITSO,+,   0.0046°N,0.001°S,0.001°W, 17.9975°W,0.003°E,   0.037°,0.0000°,0.0267°,35797,35778,35794,2017-059A  
303, 18.5496°E,USA 164 (MILSTAR-2 3),27168,2002-01-14 00:00:00,CEL,AFETR,US,+,  -7.2677°S,0.261°S,0.007°E, 19.1448°E,0.004°W,   9.490°,0.3933°,0.0128°,35793,35783,35792,2002-001A  
302, 19.1729°E,ASTRA 1L,31306,2007-05-04 00:00:00,CEL,FRGUI,SES,+,  -0.0549°S,0.001°N,0.000°W, 19.1638°E,0.012°E,   0.034°,0.0000°,0.0281°,35797,35777,35789,2007-016A  
301, 19.1799°E,ASTRA 1KR,29055,2006-04-20 00:00:00,CEL,AFETR,SES,+,  -0.0225°S,0.001°N,0.000°W, 19.1797°E,0.002°W,   0.001°,0.0000°,0.0048°,35790,35786,35788,2006-012A  
300, 19.1990°E,ASTRA 1N,37775,2011-08-06 00:00:00,CEL,FRGUI,SES,+,  -0.0524°S,0.002°S,0.003°W, 19.1694°E,0.001°W,   0.069°,0.0000°,0.0613°,35810,35765,35808,2011-041A  
299, 19.2351°E,ASTRA 1M,33436,2008-11-05 00:00:00,CEL,TYMSC,SES,+,   0.0097°N,0.002°S,0.002°W, 19.2062°E,0.002°W,   0.058°,0.0000°,0.0485°,35806,35770,35803,2008-057A  
298, 19.3171°E,ASTRA 1G,25071,1997-12-02 00:00:00,CEL,TYMSC,SES,+,  -1.2146°S,0.265°S,0.015°W, 19.1863°E,0.004°E,   6.213°,0.1685°,0.0407°,35802,35772,35800,1997-076A  
359, 19.8678°W,NSS-7,27414,2002-04-16 00:00:00,CEL,FRGUI,SES,+,   3.0257°N,0.222°S,0.008°W, 20.0714°W,0.003°W,   5.866°,0.1503°,0.0270°,35798,35778,35795,2002-019A  
297, 20.0566°E,ARABSAT-5C,37810,2011-09-21 00:00:00,CEL,FRGUI,AB,+,  -0.0773°S,0.001°N,0.002°W, 19.9595°E,0.003°E,   0.056°,0.0000°,0.0578°,35809,35766,35800,2011-049B  
360, 20.1098°W,AL YAH 3,43174,2018-01-25 00:00:00,CEL,FRGUI,UAE,+,   0.0506°N,0.002°S,0.001°W, 20.1287°W,0.004°W,   0.086°,0.0000°,0.0244°,35797,35779,35793,2018-012A  
296, 20.4135°E,TIANLIAN 1-03,38730,2012-07-25 00:00:00,CEL,XICLF,PRC,+,   0.3558°N,0.084°S,0.006°W, 20.4919°E,0.016°E,   1.973°,0.0170°,0.1018°,35824,35749,35822,2012-040A  
295, 20.6874°E,SBIRS GEO-2 (USA 241),39120,2013-03-19 00:00:00,CEL,AFETR,US,+,  -1.7064°S,0.041°S,0.000°W, 20.6825°E,0.002°E,   1.950°,0.0166°,0.0218°,35796,35780,35794,2013-011A  
294, 21.6347°E,EUTELSAT 21B,38992,2012-11-10 00:00:00,CEL,FRGUI,EUTE,+,  -0.0888°S,0.000°N,0.001°W, 21.5773°E,0.031°E,   0.069°,0.0000°,0.0384°,35799,35771,35798,2012-062B  
361, 21.9863°W,SES-4,38087,2012-02-14 00:00:00,CEL,TYMSC,SES,+,  -0.0384°S,0.000°S,0.001°W, 22.0037°W,0.000°W,   0.015°,0.0000°,0.0254°,35797,35778,35794,2012-007A  
362, 22.9285°W,UFO 10 (USA 146),25967,1999-11-23 00:00:00,CEL,AFETR,US,+,  -0.5788°S,0.378°S,0.030°W, 23.2578°W,0.002°W,   8.689°,0.3297°,0.0535°,35806,35767,35796,1999-063A  
293, 23.4964°E,ASTRA 3B,36581,2010-05-21 00:00:00,CEL,FRGUI,SES,+,  -0.0653°S,0.002°N,0.001°W, 23.4762°E,0.007°E,   0.049°,0.0000°,0.0293°,35798,35776,35796,2010-021A  
292, 23.5507°E,ASTRA 2D,26638,2000-12-20 00:00:00,CEL,FRGUI,SES,+,  -2.9007°S,0.288°S,0.014°W, 23.5260°E,0.019°W,   7.265°,0.2305°,0.0180°,35795,35782,35794,2000-081A  
363, 24.4517°W,INTELSAT 905,27438,2002-06-05 00:00:00,CEL,FRGUI,ITSO,+,   2.3280°N,0.085°S,0.001°W, 24.4536°W,0.002°W,   3.016°,0.0397°,0.0318°,35799,35776,35797,2002-027A  
364, 24.7791°W,ALCOMSAT 1,43039,2017-12-10 00:00:00,CEL,XICLF,ALG,+,   0.0330°N,0.000°N,0.001°W, 24.7996°W,0.003°E,   0.058°,0.0000°,0.0231°,35796,35779,35793,2017-078A  
291, 24.8486°E,ALPHASAT,39215,2013-07-25 00:00:00,CEL,FRGUI,IM,+,  -2.5813°S,0.035°S,0.001°E, 24.8380°E,0.011°E,   2.707°,0.0320°,0.0264°,35797,35777,35795,2013-038A  
290, 25.1389°E,SKYNET 5B,32294,2007-11-14 00:00:00,CEL,FRGUI,UK,+,   0.0843°N,0.064°S,0.003°W, 25.1482°E,0.011°W,   1.483°,0.0096°,0.0393°,35803,35774,35801,2007-056B  
289, 25.4732°E,ES'HAIL 1,39233,2013-08-29 00:00:00,CEL,FRGUI,AB,+,  -0.0682°S,0.000°N,0.001°W, 25.4693°E,0.000°E,   0.051°,0.0000°,0.0243°,35797,35779,35794,2013-044A  
288, 25.8146°E,ES'HAIL 2,43700,2018-11-15 00:00:00,CEL,AFETR,AB,+,  -0.0017°S,0.001°S,0.000°W, 25.7987°E,0.015°E,   0.045°,0.0000°,0.0103°,35790,35783,35789,2018-090A  
287, 25.9546°E,BADR-4,29526,2006-11-08 00:00:00,CEL,TYMSC,AB,+,  -0.0574°S,0.001°N,0.001°W, 25.9676°E,0.002°W,   0.040°,0.0000°,0.0317°,35800,35776,35795,2006-051A  
286, 25.9687°E,BADR-6,33154,2008-07-07 00:00:00,CEL,FRGUI,AB,+,  -0.0488°S,0.002°S,0.003°W, 25.9119°E,0.006°E,   0.079°,0.0000°,0.0755°,35815,35759,35813,2008-034B  
285, 25.9985°E,BADR-7 (ARABSAT-6B),41029,2015-11-10 00:00:00,CEL,FRGUI,AB,+,  -0.0092°S,0.002°N,0.001°E, 25.9694°E,0.001°E,   0.039°,0.0000°,0.0345°,35800,35775,35778,2015-065B  
284, 26.0152°E,BADR-5,36592,2010-06-03 00:00:00,CEL,TYMSC,AB,+,   0.0205°N,0.002°S,0.002°W, 25.9433°E,0.012°E,   0.066°,0.0000°,0.0484°,35805,35769,35802,2010-025A  
365, 27.4745°W,MEV-1,44625,2019-10-09 00:00:00,CEL,TYMSC,US,+,  -0.0110°S,0.001°S,0.000°W, 27.4720°W,0.005°W,   0.025°,0.0000°,0.0088°,35791,35785,35788,2019-067B  
366, 27.4857°W,INTELSAT 901,26824,2001-06-09 00:00:00,CEL,FRGUI,ITSO,+,   0.0129°N,0.001°S,0.000°W, 27.4827°W,0.004°W,   0.043°,0.0000°,0.0073°,35791,35785,35788,2001-024A  
283, 28.1479°E,ASTRA 2G,40364,2014-12-27 00:00:00,CEL,TYMSC,SES,+,  -0.0491°S,0.001°S,0.002°W, 28.1236°E,0.004°E,   0.051°,0.0000°,0.0557°,35808,35767,35803,2014-089A  
282, 28.2100°E,ASTRA 2F,38778,2012-09-28 00:00:00,CEL,FRGUI,SES,+,   0.0056°N,0.003°N,0.000°E, 28.1972°E,0.015°E,   0.058°,0.0000°,0.0133°,35792,35782,35784,2012-051A  
281, 28.4415°E,UFO 2 (USA 95),22787,1993-09-03 00:00:00,CEL,AFETR,US,+, -11.2021°S,0.098°S,0.045°E, 28.4037°E,0.025°E,  11.463°,0.5738°,0.0395°,35802,35772,35801,1993-056A  
280, 28.4721°E,ASTRA 2E,39285,2013-09-29 00:00:00,CEL,TYMSC,SES,+,  -0.0805°S,0.002°N,0.001°W, 28.4725°E,0.010°W,   0.068°,0.0000°,0.0247°,35798,35780,35795,2013-056A  
367, 28.8020°W,USA 324,51280,2022-01-21 00:00:00,CEL,AFETR,US,+,   0.1835°N,0.004°S,0.004°E, 39.1490°W,0.491°E,   0.174°,0.0001°,0.0076°,35751,35745,35745,2022-006A  
279, 28.9840°E,XTAR-EUR,28542,2005-02-12 00:00:00,CEL,FRGUI,US,+,   0.0325°N,0.023°S,0.002°W, 28.9603°E,0.004°E,   0.533°,0.0012°,0.0347°,35800,35775,35798,2005-005A  
368, 29.4289°W,INTELSAT 904,27380,2002-02-23 00:00:00,CEL,FRGUI,ITSO,+,   2.6091°N,0.082°S,0.000°W, 29.4270°W,0.004°W,   3.195°,0.0446°,0.0359°,35801,35775,35798,2002-007A  
369, 29.9454°W,HISPASAT 30W-5,37264,2010-12-29 00:00:00,CEL,FRGUI,SPN,+,   0.0429°N,0.001°S,0.001°W, 29.9638°W,0.004°W,   0.069°,0.0000°,0.0589°,35810,35766,35798,2010-070A  
370, 29.9515°W,SPAINSAT,28945,2006-03-11 00:00:00,CEL,FRGUI,SPN,+,  -0.0310°S,0.000°N,0.001°W, 30.0009°W,0.000°W,   0.025°,0.0000°,0.0261°,35797,35778,35791,2006-007A  
371, 30.0243°W,HISPASAT 30W-6,43228,2018-03-06 00:00:00,CEL,AFETR,SPN,+,  -0.0162°S,0.002°S,0.003°W, 30.0005°W,0.059°W,   0.046°,0.0000°,0.0601°,35814,35770,35810,2018-023A  
278, 30.5144°E,ARABSAT-5A,36745,2010-06-26 00:00:00,CEL,FRGUI,AB,+,  -0.0643°S,0.000°S,0.002°W, 30.4681°E,0.010°W,   0.057°,0.0000°,0.0516°,35808,35770,35806,2010-032B  
277, 30.5218°E,ARABSAT-6A,44186,2019-04-11 00:00:00,CEL,AFETR,AB,+,  -0.0676°S,0.002°N,0.001°W, 30.4787°E,0.033°E,   0.054°,0.0000°,0.0182°,35792,35779,35790,2019-021A  
276, 30.9192°E,TURKSAT 5A,47306,2021-01-08 00:00:00,CEL,AFETR,TURK,+,  -0.0170°S,0.000°N,0.000°E, 30.9180°E,0.001°E,   0.020°,0.0000°,0.0025°,35789,35787,35786,2021-001A  
275, 31.0176°E,HYLAS 2,38741,2012-08-02 00:00:00,CEL,FRGUI,UK,+,  -0.0177°S,0.000°S,0.001°W, 31.0160°E,0.003°W,   0.026°,0.0000°,0.0168°,35794,35782,35791,2012-043B  
274, 31.1922°E,EDRS-C,44475,2019-08-06 00:00:00,CEL,FRGUI,ESA,+,  -0.0191°S,0.003°N,0.000°W, 31.1830°E,0.009°E,   0.051°,0.0000°,0.0086°,35790,35784,35788,2019-049A  
372, 31.4754°W,INTELSAT 25 (IS-25),33153,2008-07-07 00:00:00,CEL,FRGUI,ITSO,+,   0.0247°N,0.000°N,0.001°W, 31.4790°W,0.000°W,   0.000°,0.0000°,0.0319°,35799,35776,35794,2008-034A  
273, 31.4819°E,ASTRA 5B,39617,2014-03-22 00:00:00,CEL,FRGUI,SES,+,  -0.0558°S,0.002°N,0.002°W, 31.4640°E,0.001°W,   0.054°,0.0000°,0.0387°,35802,35774,35800,2014-011B  
272, 32.2727°E,IRNSS-1F,41384,2016-03-10 00:00:00,CEL,SRILR,IND,+,   1.9441°N,0.040°S,0.004°E, 32.6210°E,0.011°E,   2.158°,0.0203°,0.2147°,35866,35708,35766,2016-015A  
271, 32.8014°E,INTELSAT NEW DAWN   [PM],37392,2011-04-22 00:00:00,CEL,FRGUI,ITSO,+,  -0.0157°S,0.001°N,0.000°W, 32.8101°E,0.003°W,   0.015°,0.0000°,0.0078°,35791,35785,35789,2011-016A  
270, 32.8758°E,GALAXY 14 (G-14),28790,2005-08-13 00:00:00,CEL,TYMSC,US,+,  -0.0350°S,0.053°S,0.001°W, 32.8657°E,0.008°E,   1.218°,0.0065°,0.0216°,35795,35779,35792,2005-030A  
269, 33.0560°E,EUTELSAT 33E,33750,2009-02-12 00:00:00,CEL,FRGUI,EUTE,+,  -0.0713°S,0.001°N,0.002°W, 33.0487°E,0.001°E,   0.055°,0.0000°,0.0438°,35804,35772,35800,2009-008B  
268, 33.5413°E,SKYNET 4C,20776,1990-08-30 00:00:00,CEL,FRGUI,UK,+, -13.7947°S,0.050°N,0.072°E, 32.6612°E,0.013°E,  13.811°,0.8330°,0.0292°,35799,35778,35798,1990-079A  
373, 34.2528°W,HYLAS 4,43272,2018-04-05 00:00:00,CEL,FRGUI,UK,+,  -0.0783°S,0.001°N,0.002°W, 33.4951°W,0.162°W,   0.072°,0.0000°,0.0290°,35811,35789,35807,2018-033B  
374, 34.4964°W,INTELSAT 35E,42818,2017-07-05 00:00:00,CEL,AFETR,ITSO,+,   0.0240°N,0.000°N,0.001°W, 34.4941°W,0.005°W,   0.000°,0.0000°,0.0189°,35795,35781,35792,2017-041A  
375, 34.7222°W,INMARSAT 3-F1,23839,1996-04-03 00:00:00,CEL,AFETR,IM,+,   4.0698°N,0.278°S,0.019°W, 30.5686°W,0.985°W,   7.496°,0.2453°,0.0974°,35900,35828,35882,1996-020A  
267, 35.0282°E,RADUGA-1M 3,39375,2013-11-11 00:00:00,CEL,TYMSC,CIS,+,  -0.2153°S,0.094°S,0.000°W, 34.9399°E,0.000°W,   2.188°,0.0209°,0.0498°,35806,35769,35774,2013-062A  
266, 35.5099°E,TIBA-1,44800,2019-11-26 00:00:00,CEL,FRGUI,EGYP,+,  -0.0685°S,0.002°N,0.001°W, 35.4907°E,0.009°E,   0.055°,0.0000°,0.0208°,35795,35779,35793,2019-080A  
265, 35.8444°E,EUTELSAT 36B,36101,2009-11-24 00:00:00,CEL,TYMSC,EUTE,+,  -0.0837°S,0.001°N,0.002°W, 35.8348°E,0.002°W,   0.068°,0.0000°,0.0570°,35809,35767,35805,2009-065A  
376, 35.9817°W,HISPASAT 36W-1,41942,2017-01-28 00:00:00,CEL,FRGUI,SPN,+,   0.0041°N,0.000°N,0.000°W, 35.9756°W,0.003°W,   0.006°,0.0000°,0.0116°,35792,35783,35790,2017-006A  
264, 36.0759°E,EXPRESS-AMU1,41191,2015-12-24 00:00:00,CEL,TYMSC,CIS,+,  -0.0300°S,0.001°N,0.001°W, 36.0763°E,0.003°W,   0.018°,0.0000°,0.0310°,35799,35777,35796,2015-082A  
377, 37.4163°W,NSS-10 (AMC-12),28526,2005-02-03 00:00:00,CEL,TYMSC,SES,+,   2.4623°N,0.054°S,0.001°E, 37.4469°W,0.007°E,   2.743°,0.0329°,0.0316°,35799,35775,35796,2005-003A  
378, 37.5379°W,TELSTAR 11N,34111,2009-02-26 00:00:00,CEL,TYMSC,CA,+,  -0.0300°S,0.001°S,0.001°W, 37.5270°W,0.005°W,   0.019°,0.0000°,0.0131°,35793,35783,35791,2009-009A  
263, 37.7822°E,ATHENA-FIDUS,39509,2014-02-06 00:00:00,CEL,FRGUI,FRIT,+,  -0.0086°S,0.001°S,0.001°W, 37.7740°E,0.002°E,   0.039°,0.0000°,0.0142°,35793,35782,35791,2014-006B  
262, 37.9115°E,PAKSAT-1R,37779,2011-08-11 00:00:00,CEL,XICLF,PAKI,+,   0.0003°N,0.001°S,0.001°W, 37.8906°E,0.012°E,   0.036°,0.0000°,0.0326°,35799,35775,35796,2011-042A  
261, 38.9607°E,HELLAS-SAT 3,42814,2017-06-28 00:00:00,CEL,FRGUI,GREC,+,  -0.0778°S,0.000°S,0.001°W, 38.9781°E,0.011°E,   0.070°,0.0000°,0.0557°,35807,35766,35799,2017-040A  
260, 39.0376°E,HELLAS-SAT 4 & SGS-1,44034,2019-02-05 00:00:00,CEL,FRGUI,GRSA,+,   0.0145°N,0.002°S,0.002°W, 38.9381°E,0.011°E,   0.069°,0.0000°,0.0586°,35808,35765,35802,2019-007A  
259, 39.9285°E,SHIJIAN-20 (SJ-20),44910,2019-12-27 00:00:00,CEL,WSC  ,PRC,+,  -0.1741°S,0.047°S,0.016°W, 40.4582°E,1.989°W,   1.127°,0.0055°,0.0417°,35959,35928,35953,2019-097A  
258, 39.9930°E,EXPRESS-AM7,40505,2015-03-18 00:00:00,CEL,TYMSC,CIS,+,  -0.0211°S,0.000°S,0.001°W, 39.9837°E,0.012°E,   0.029°,0.0000°,0.0316°,35799,35775,35795,2015-012A  
379, 40.4787°W,SES-6,39172,2013-06-03 00:00:00,CEL,TYMSC,SES,+,  -0.0342°S,0.001°S,0.001°W, 40.4982°W,0.000°W,   0.018°,0.0000°,0.0273°,35798,35777,35794,2013-026A  
380, 40.8746°W,TDRS 12,39504,2014-01-24 00:00:00,CEL,AFETR,US,+,  -2.0889°S,0.142°S,0.003°W, 40.8790°W,0.010°W,   3.876°,0.0656°,0.0581°,35809,35767,35791,2014-004A  
257, 41.3895°E,METEOSAT-8 (MSG1),27509,2002-08-28 00:00:00,CEL,FRGUI,EUME,+,  -6.2339°S,0.214°S,0.006°E, 41.3847°E,0.033°E,   8.005°,0.2799°,0.0282°,35796,35775,35785,2002-040B  
381, 41.9787°W,USA 170,27875,2003-08-29 00:00:00,CEL,AFETR,US,+,   4.9068°N,0.244°S,0.003°W, 42.2900°W,0.004°W,   7.344°,0.2355°,0.0338°,35800,35775,35788,2003-040A  
256, 41.9878°E,TURKSAT 3A,33056,2008-06-12 00:00:00,CEL,FRGUI,TURK,+,  -0.0122°S,0.003°S,0.002°W, 41.9430°E,0.012°E,   0.079°,0.0000°,0.0590°,35809,35765,35806,2008-030B  
255, 41.9940°E,TURKSAT 4A,39522,2014-02-14 00:00:00,CEL,TYMSC,TURK,+,  -0.0100°S,0.002°N,0.000°E, 42.0071°E,0.002°W,   0.024°,0.0000°,0.0068°,35790,35785,35786,2014-007A  
254, 42.4435°E,NIGCOMSAT 1R,38014,2011-12-19 00:00:00,CEL,XICLF,NIG,+,  -0.0065°S,0.002°S,0.001°W, 42.4382°E,0.000°W,   0.059°,0.0000°,0.0445°,35804,35771,35795,2011-077A  
382, 42.9768°W,INTELSAT 11 (IS-11),32253,2007-10-05 00:00:00,CEL,FRGUI,ITSO,+,  -0.0226°S,0.001°S,0.000°W, 42.9770°W,0.002°W,   0.004°,0.0000°,0.0174°,35794,35781,35789,2007-044B  
383, 43.1918°W,INTELSAT 32E,41945,2017-02-14 00:00:00,CEL,FRGUI,ITSO,+,  -0.0201°S,0.001°S,0.000°W, 43.1882°W,0.005°W,   0.004°,0.0000°,0.0069°,35790,35785,35787,2017-007B  
253, 43.8554°E,THURAYA-2,27825,2003-06-10 00:00:00,CEL,SEAL ,UAE,+,  -6.3052°S,0.096°S,0.013°E, 43.9964°E,0.011°E,   6.711°,0.1967°,0.0309°,35799,35776,35793,2003-026A  
384, 44.0394°W,USA 325,51281,2022-01-21 00:00:00,CEL,AFETR,US,+,   0.1543°N,0.002°N,0.002°W, 44.1281°W,0.021°W,   0.130°,0.0001°,0.0721°,35813,35760,35806,2022-006B  
252, 44.0512°E,SHIYAN 12 01 (SY-12 01),50321,2021-12-23 00:00:00,CEL,WSC  ,PRC,+,   0.1065°N,0.006°N,0.002°W, 44.0983°E,0.222°W,   0.179°,0.0001°,0.0311°,35816,35794,35809,2021-129A  
385, 44.9771°W,INTELSAT 14 (IS-14),36097,2009-11-23 00:00:00,CEL,AFETR,ITSO,+,   0.0220°N,0.001°N,0.001°W, 44.9755°W,0.005°W,   0.000°,0.0000°,0.0273°,35798,35778,35792,2009-064A  
251, 45.0262°E,COSMOS 2520,42907,2017-08-16 00:00:00,CEL,TYMSC,CIS,+,  -0.0079°S,0.001°S,0.000°W, 45.0102°E,0.011°E,   0.041°,0.0000°,0.0082°,35790,35784,35787,2017-046A  
250, 45.1111°E,AZERSPACE 2 (IS-38),43632,2018-09-25 00:00:00,CEL,FRGUI,AZER,+,   0.0146°N,0.001°S,0.000°W, 45.1125°E,0.001°W,   0.001°,0.0000°,0.0134°,35793,35783,35790,2018-074A  
249, 45.5461°E,METEOSAT-9 (MSG2),28912,2005-12-21 00:00:00,CEL,FRGUI,EUME,+,  -3.8103°S,0.198°S,0.002°W, 45.5583°E,0.016°W,   5.980°,0.1562°,0.0135°,35794,35784,35790,2005-049B  
386, 45.8900°W,TDRS 6,22314,1993-01-13 00:00:00,CEL,AFETR,US,+,  -1.5613°S,0.607°S,0.072°W, 46.3341°W,0.042°W,  14.131°,0.8720°,0.1385°,35839,35737,35777,1993-003B  
248, 45.9860°E,AZERSPACE 1,39079,2013-02-07 00:00:00,CEL,FRGUI,AZER,+,  -0.0225°S,0.000°S,0.001°W, 45.9660°E,0.007°E,   0.033°,0.0000°,0.0207°,35795,35780,35793,2013-006B  
247, 46.0075°E,ASTRA 2A,25462,1998-08-30 00:00:00,CEL,TYMSC,SES,+,  -1.1872°S,0.136°S,0.001°E, 45.1858°E,0.564°E,   3.364°,0.0494°,0.0095°,35747,35740,35744,1998-050A  
246, 46.9596°E,SYRACUSE 3A,28885,2005-10-13 00:00:00,CEL,FRGUI,FR,+,  -0.2678°S,0.045°S,0.002°W, 47.0213°E,0.004°W,   1.079°,0.0051°,0.0373°,35802,35774,35797,2005-041B  
387, 47.4988°W,SES-14,43175,2018-01-25 00:00:00,CEL,FRGUI,SES,+,  -0.0330°S,0.001°S,0.000°W, 47.5037°W,0.001°W,   0.016°,0.0000°,0.0078°,35790,35785,35788,2018-012B  
245, 47.5766°E,YAHSAT 1B,38245,2012-04-23 00:00:00,CEL,TYMSC,UAE,+,  -0.0276°S,0.001°N,0.001°W, 47.6201°E,0.006°W,   0.018°,0.0000°,0.0235°,35797,35780,35792,2012-016A  
244, 47.6701°E,EUTELSAT QUANTUM,49056,2021-07-30 00:00:00,CEL,FRGUI,EUTE,+,  -0.0228°S,0.001°N,0.001°W, 47.7008°E,0.000°W,   0.015°,0.0000°,0.0188°,35795,35781,35792,2021-069B  
243, 47.8435°E,GSAT-31,44035,2019-02-05 00:00:00,CEL,FRGUI,IND,+,  -0.0056°S,0.001°S,0.000°E, 47.8760°E,0.008°E,   0.045°,0.0000°,0.0220°,35795,35779,35784,2019-007B  
242, 47.8590°E,GSAT-19,42747,2017-06-05 00:00:00,CEL,SRILR,IND,+,  -0.0071°S,0.001°N,0.003°W, 47.8377°E,0.008°E,   0.014°,0.0000°,0.0789°,35816,35758,35811,2017-031A  
241, 47.8946°E,GSAT-12,37746,2011-07-15 00:00:00,CEL,SRILR,IND,+,  -0.3679°S,0.055°S,0.006°W, 48.0572°E,0.002°W,   1.336°,0.0078°,0.1277°,35835,35741,35830,2011-034A  
240, 49.0137°E,YAMAL 601,44307,2019-05-30 00:00:00,CEL,TYMSC,CIS,+,   0.0074°N,0.000°S,0.001°W, 49.0397°E,0.011°E,   0.010°,0.0000°,0.0281°,35797,35777,35793,2019-031A  
388, 49.1739°W,USA 159 (DSP 21),26880,2001-08-06 00:00:00,CEL,AFETR,US,+,   2.9754°N,0.482°S,0.044°W, 49.7214°W,0.052°W,  11.410°,0.5685°,0.0111°,35794,35786,35784,2001-033A  
389, 49.7472°W,INTELSAT 9 (IS-9),26451,2000-07-28 00:00:00,CEL,SEAL ,US,+,   5.5778°N,0.203°S,0.002°E, 49.7391°W,0.009°W,   7.178°,0.2250°,0.0443°,35804,35772,35799,2000-043A  
390, 49.9070°W,TDRS 3,19548,1988-09-29 00:00:00,CEL,AFETR,US,+,  -4.4966°S,0.557°S,0.067°W, 49.3774°W,0.059°W,  13.728°,0.8230°,0.4018°,35938,35642,35895,1988-091B  
239, 50.0014°E,TURKSAT 4B,40984,2015-10-16 00:00:00,CEL,TYMSC,TURK,+,  -0.0255°S,0.001°N,0.001°W, 50.0439°E,0.009°W,   0.017°,0.0000°,0.0215°,35796,35781,35791,2015-060A  
391, 50.0358°W,INTELSAT 902,26900,2001-08-30 00:00:00,CEL,FRGUI,ITSO,+,   2.3022°N,0.023°S,0.001°E, 50.0328°W,0.000°W,   2.362°,0.0244°,0.0392°,35802,35773,35791,2001-039A  
238, 51.1278°E,IRNSS-1A,39199,2013-07-01 00:00:00,CEL,SRILR,IND,P, -15.3558°S,1.203°S,0.210°W, 55.2411°E,0.091°W,  32.389°,4.5810°,0.2065°,35863,35711,35720,2013-034A  
237, 51.5054°E,BELINTERSAT-1,41238,2016-01-15 00:00:00,CEL,XICLF,BELA,+,  -0.0099°S,0.001°N,0.001°W, 51.5018°E,0.002°E,   0.004°,0.0000°,0.0262°,35797,35778,35795,2016-001A  
236, 51.8064°E,IRNSS-1B,39635,2014-04-04 00:00:00,CEL,SRILR,IND,+,  13.8014°N,1.066°N,0.176°W, 55.2307°E,0.061°W,  28.780°,3.6170°,0.2600°,35882,35690,35869,2014-017A  
235, 52.0067°E,TURKMENALEM52E/MONACOSAT,40617,2015-04-27 00:00:00,CEL,AFETR,TMMC,+,  -0.0138°S,0.001°S,0.001°W, 52.0449°E,0.009°E,   0.055°,0.0000°,0.0261°,35797,35777,35793,2015-023A  
234, 52.4951°E,YAHSAT 1A,37393,2011-04-22 00:00:00,CEL,FRGUI,UAE,+,  -0.0096°S,0.002°N,0.001°W, 52.4879°E,0.004°E,   0.018°,0.0000°,0.0222°,35796,35779,35793,2011-016B  
392, 52.5298°W,WGS F5 (USA 243),39168,2013-05-25 00:00:00,CEL,AFETR,US,+,  -0.0261°S,0.001°S,0.000°W, 52.5209°W,0.010°W,   0.018°,0.0000°,0.0062°,35791,35786,35787,2013-024A  
233, 52.7402°E,SKYNET 5D,39034,2012-12-19 00:00:00,CEL,FRGUI,UK,+,  -0.0741°S,0.002°N,0.002°W, 52.7277°E,0.011°E,   0.068°,0.0000°,0.0426°,35803,35771,35799,2012-075A  
232, 52.9341°E,IRNSS-1I,43286,2018-04-11 00:00:00,CEL,SRILR,IND,+,  -8.4257°S,1.170°S,0.252°W, 51.8180°E,0.103°W,  29.036°,3.6817°,0.2168°,35867,35707,35709,2018-035A  
393, 52.9786°W,INTELSAT 23 (IS-23) [PM],38867,2012-10-14 00:00:00,CEL,TYMSC,ITSO,+,   0.0262°N,0.000°N,0.001°E, 52.9839°W,0.005°W,   0.053°,0.0000°,0.0160°,35794,35782,35782,2012-057A  
231, 53.0061°E,EXPRESS-AM6,40277,2014-10-21 00:00:00,CEL,TYMSC,CIS,+,  -0.0042°S,0.001°N,0.000°W, 52.9971°E,0.006°E,   0.010°,0.0000°,0.0051°,35789,35785,35787,2014-064A  
394, 53.7914°W,INMARSAT 3-F5,25153,1998-02-04 00:00:00,CEL,FRGUI,IM,+,   5.4825°N,0.146°S,0.006°E, 54.1610°W,0.001°E,   6.361°,0.1767°,0.0553°,35808,35767,35795,1998-006B  
230, 54.6625°E,AEHF-5 (USA 292),44481,2019-08-08 00:00:00,CEL,AFETR,US,+,  -0.7613°S,0.192°N,0.009°W, 54.6209°E,0.019°E,   4.422°,0.0854°,0.0481°,35804,35768,35799,2019-051A  
229, 54.8655°E,YAMAL 402,39022,2012-12-08 00:00:00,CEL,TYMSC,CIS,+,   0.0010°N,0.000°S,0.001°W, 54.8506°E,0.007°E,   0.007°,0.0000°,0.0454°,35804,35771,35797,2012-070A  
228, 55.0366°E,GSAT-16,40332,2014-12-06 00:00:00,CEL,FRGUI,IND,+,  -0.0213°S,0.002°N,0.003°W, 55.0002°E,0.006°E,   0.018°,0.0000°,0.0820°,35817,35757,35811,2014-078A  
395, 55.0420°W,INMARSAT 5-F2,40384,2015-02-01 00:00:00,CEL,TYMSC,IM,+,  -0.0268°S,0.001°S,0.000°W, 55.0069°W,0.022°W,   0.021°,0.0000°,0.0024°,35790,35788,35788,2015-005A  
227, 55.0674°E,GSAT-29,43698,2018-11-14 00:00:00,CEL,SRILR,IND,+,  -0.0179°S,0.002°S,0.001°W, 55.0612°E,0.014°E,   0.072°,0.0000°,0.0271°,35797,35777,35791,2018-089A  
226, 55.0919°E,GSAT-8,37605,2011-05-20 00:00:00,CEL,FRGUI,IND,+,  -0.0047°S,0.001°S,0.002°E, 55.1295°E,0.003°E,   0.050°,0.0000°,0.0347°,35800,35775,35773,2011-022A  
396, 55.4933°W,INTELSAT 34 (IS-34),40874,2015-08-20 00:00:00,CEL,FRGUI,ITSO,+,  -0.0155°S,0.001°S,0.000°E, 55.4899°W,0.004°W,   0.019°,0.0000°,0.0046°,35789,35786,35785,2015-039A  
225, 55.9949°E,EXPRESS-AT1,39612,2014-03-15 00:00:00,CEL,TYMSC,CIS,+,   0.0011°N,0.001°N,0.000°W, 55.9921°E,0.000°E,   0.015°,0.0000°,0.0022°,35789,35787,35786,2014-010A  
224, 56.5009°E,INMARSAT 5-F4,42698,2017-05-15 00:00:00,CEL,AFETR,IM,+,  -0.0125°S,0.002°N,0.000°E, 56.4955°E,0.006°E,   0.016°,0.0000°,0.0031°,35788,35786,35785,2017-025A  
223, 56.9662°E,NSS-12,36032,2009-10-29 00:00:00,CEL,FRGUI,SES,+,  -0.0310°S,0.000°S,0.001°W, 56.9531°E,0.007°E,   0.042°,0.0000°,0.0308°,35799,35776,35793,2009-058A  
222, 57.5007°E,WGS F2 (USA 204),34713,2009-04-04 00:00:00,CEL,AFETR,US,+,  -0.0175°S,0.002°N,0.000°E, 57.5105°E,0.004°W,   0.016°,0.0000°,0.0064°,35790,35786,35784,2009-017A  
397, 57.9808°W,INTELSAT 21 (IS-21),38749,2012-08-19 00:00:00,CEL,SEAL ,ITSO,+,  -0.0168°S,0.001°S,0.000°W, 57.9833°W,0.000°W,   0.004°,0.0000°,0.0205°,35795,35780,35789,2012-045A  
221, 58.4960°E,KAZSAT-3,39728,2014-04-28 00:00:00,CEL,TYMSC,KAZ,+,  -0.0197°S,0.001°N,0.000°W, 58.4955°E,0.001°W,   0.015°,0.0000°,0.0041°,35789,35786,35788,2014-023B  
220, 58.6144°E,BEIDOU 11,38091,2012-02-24 00:00:00,CEL,XICLF,PRC,+,  -1.2097°S,0.039°S,0.001°W, 58.5964°E,0.017°E,   1.525°,0.0102°,0.1734°,35850,35723,35799,2012-008A  
219, 58.9443°E,TJS-3,43874,2018-12-24 00:00:00,CEL,XICLF,PRC,+,  -0.0182°S,0.001°N,0.001°W, 59.0177°E,0.009°W,   0.014°,0.0000°,0.0380°,35802,35774,35793,2018-110A  
218, 59.9812°E,INTELSAT 33E        [PM],41748,2016-08-24 00:00:00,CEL,FRGUI,ITSO,+,  -0.0316°S,0.001°N,0.000°W, 60.0021°E,0.004°W,   0.031°,0.0000°,0.0177°,35795,35782,35790,2016-053B  
217, 60.2963°E,WGS 10 (USA 291),44071,2019-03-16 00:00:00,CEL,AFETR,US,+,  -0.0192°S,0.002°N,0.000°E, 60.3013°E,0.000°W,   0.018°,0.0000°,0.0035°,35789,35786,35785,2019-014A  
216, 60.9165°E,ABS-4 (MOBISAT-1),28184,2004-03-13 00:00:00,CEL,AFETR,ABS,+,  -1.2085°S,0.083°S,0.003°W, 61.0408°E,0.009°E,   2.279°,0.0227°,0.0666°,35811,35762,35802,2004-007A  
398, 60.9473°W,AMAZONAS 2,35942,2009-10-01 00:00:00,CEL,FRGUI,SPN,+,   0.0043°N,0.000°S,0.000°E, 60.9476°W,0.004°W,   0.025°,0.0000°,0.0526°,35807,35768,35783,2009-054A  
399, 60.9749°W,AMAZONAS 3,39078,2013-02-07 00:00:00,CEL,FRGUI,SPN,+,   0.0109°N,0.000°N,0.000°E, 60.9752°W,0.002°W,   0.038°,0.0000°,0.0205°,35795,35780,35785,2013-006A  
400, 60.9854°W,AMAZONAS 5,42934,2017-09-11 00:00:00,CEL,TYMSC,SPN,+,  -0.0359°S,0.002°S,0.001°W, 61.0013°W,0.007°W,   0.032°,0.0000°,0.0370°,35802,35774,35798,2017-053A  
401, 61.3641°W,ECHOSTAR 18,41592,2016-06-18 00:00:00,CEL,FRGUI,US,+,  -0.0251°S,0.002°S,0.000°W, 61.3612°W,0.008°W,   0.022°,0.0000°,0.0132°,35793,35783,35788,2016-039B  
402, 61.4888°W,ECHOSTAR 16,39008,2012-11-20 00:00:00,CEL,TYMSC,US,+,  -0.0222°S,0.002°S,0.000°W, 61.4917°W,0.005°W,   0.019°,0.0000°,0.0256°,35797,35778,35788,2012-065A  
215, 61.5206°E,EWS-G1 (GOES 13),29155,2006-05-24 00:00:00,CEL,AFETR,US,+,  -0.2418°S,0.021°S,0.001°W, 61.4871°E,0.009°W,   0.557°,0.0014°,0.0274°,35798,35778,35791,2006-018A  
403, 61.6171°W,ECHOSTAR 15,36792,2010-07-10 00:00:00,CEL,TYMSC,US,+,   0.0254°N,0.001°S,0.001°W, 61.6312°W,0.000°E,   0.045°,0.0000°,0.0246°,35797,35778,35793,2010-034A  
214, 61.8939°E,LUCH (OLYMP),40258,2014-09-27 00:00:00,CEL,TYMSC,CIS,+,  -0.0145°S,0.002°S,0.000°W, 61.9066°E,0.003°E,   0.067°,0.0000°,0.0110°,35792,35783,35790,2014-058A  
213, 61.9404°E,INTELSAT 39 (IS-39),44476,2019-08-06 00:00:00,CEL,FRGUI,ITSO,+,  -0.0083°S,0.001°N,0.000°E, 61.9398°E,0.003°E,   0.003°,0.0000°,0.0078°,35790,35785,35783,2019-049B  
404, 61.9550°W,TDRS 9,27389,2002-03-08 00:00:00,CEL,AFETR,US,+,   7.9993°N,0.186°S,0.004°E, 62.8928°W,0.017°W,   8.980°,0.3522°,0.2921°,35896,35681,35892,2002-011A  
212, 62.6292°E,INMARSAT 5-F1,39476,2013-12-08 00:00:00,CEL,TYMSC,IM,+,  -0.0127°S,0.002°N,0.000°E, 62.6033°E,0.028°E,   0.018°,0.0000°,0.0059°,35788,35783,35785,2013-073A  
211, 62.7438°E,GSAT-7A,43864,2018-12-19 00:00:00,CEL,SRILR,IND,+,   0.0093°N,0.002°N,0.000°W, 62.7895°E,0.003°W,   0.035°,0.0000°,0.0244°,35797,35779,35789,2018-105A  
405, 62.9869°W,TELSTAR 14R,37602,2011-05-20 00:00:00,CEL,TYMSC,CA,+,  -0.0148°S,0.002°S,0.001°W, 63.0001°W,0.003°W,   0.019°,0.0000°,0.0343°,35800,35775,35793,2011-021A  
210, 62.9961°E,COMSATBW-1,35943,2009-10-01 00:00:00,CEL,FRGUI,GER,+,  -0.0396°S,0.002°S,0.001°W, 63.0509°E,0.008°E,   0.080°,0.0000°,0.0358°,35800,35774,35796,2009-054B  
406, 63.0156°W,TELSTAR 19V,43562,2018-07-22 00:00:00,CEL,AFETR,CA,+,   0.0120°N,0.001°S,0.000°E, 63.0045°W,0.015°W,   0.024°,0.0000°,0.0242°,35797,35779,35783,2018-059A  
209, 63.8599°E,INMARSAT 4-F2,28899,2005-11-08 00:00:00,CEL,SEAL ,IM,+,  -3.4928°S,0.004°S,0.004°E, 63.8733°E,0.002°E,   3.489°,0.0532°,0.0298°,35799,35777,35794,2005-044A  
208, 64.1161°E,INTELSAT 906,27513,2002-09-06 00:00:00,CEL,FRGUI,ITSO,+,  -1.1334°S,0.072°S,0.001°W, 64.1106°E,0.003°E,   2.030°,0.0180°,0.0327°,35800,35775,35792,2002-041A  
407, 64.9646°W,STAR ONE C2,32768,2008-04-18 00:00:00,CEL,FRGUI,BRAZ,+,   0.0445°N,0.002°S,0.000°W, 64.9676°W,0.004°W,   0.066°,0.0000°,0.0293°,35799,35777,35787,2008-018B  
207, 64.9735°E,AMOS-4,39237,2013-08-31 00:00:00,CEL,TYMSC,ISRA,+,  -0.0186°S,0.000°S,0.000°W, 65.0047°E,0.009°W,   0.038°,0.0000°,0.0276°,35799,35778,35788,2013-045A  
408, 65.1810°W,EUTELSAT 65 WEST A,41382,2016-03-09 00:00:00,CEL,FRGUI,EUTE,+,  -0.0073°S,0.003°S,0.000°W, 65.1929°W,0.004°E,   0.050°,0.0000°,0.0211°,35795,35779,35789,2016-014A  
206, 65.9778°E,INTELSAT 17 (IS-17),37238,2010-11-26 00:00:00,CEL,FRGUI,ITSO,+,   0.0084°N,0.001°N,0.001°W, 65.9684°E,0.009°E,   0.022°,0.0000°,0.0259°,35797,35778,35791,2010-065B  
205, 66.0139°E,GALAXY 25 (G-25),24812,1997-05-24 00:00:00,CEL,TYMSC,US,+,  -2.4689°S,0.115°S,0.002°W, 66.0016°E,0.007°E,   3.649°,0.0581°,0.0731°,35814,35760,35804,1997-026A  
204, 66.1911°E,SBIRS GEO-1 (USA 230),37481,2011-05-07 00:00:00,CEL,AFETR,US,+,  -1.8596°S,0.022°N,0.001°E, 66.2398°E,0.002°E,   1.904°,0.0158°,0.0227°,35796,35779,35791,2011-019A  
203, 66.5050°E,TJS-2,41911,2017-01-05 00:00:00,CEL,XICLF,PRC,+,  -0.1998°S,0.010°S,0.002°W, 66.4599°E,0.001°E,   0.324°,0.0005°,0.0589°,35809,35766,35802,2017-001A  
409, 66.8684°W,SES-10,42432,2017-03-30 00:00:00,CEL,AFETR,SES,+,  -0.0145°S,0.001°S,0.000°W, 66.8743°W,0.005°W,   0.009°,0.0000°,0.0304°,35799,35777,35788,2017-017A  
410, 67.5683°W,AEHF-4 (USA 288),43651,2018-10-17 00:00:00,CEL,AFETR,US,+,  -1.4436°S,0.086°S,0.001°W, 67.5886°W,0.016°E,   2.450°,0.0262°,0.0487°,35804,35768,35788,2018-079A  
202, 68.4851°E,INTELSAT 36 (IS-36),41747,2016-08-24 00:00:00,CEL,FRGUI,ITSO,+,  -0.0108°S,0.002°N,0.001°E, 68.4880°E,0.001°E,   0.014°,0.0000°,0.0246°,35797,35779,35779,2016-053A  
201, 68.5121°E,INTELSAT 20 (IS-20),38740,2012-08-02 00:00:00,CEL,FRGUI,ITSO,+,  -0.0011°S,0.001°S,0.000°W, 68.5117°E,0.001°E,   0.040°,0.0000°,0.0122°,35792,35783,35786,2012-043A  
411, 69.9060°W,VIASAT-2,42740,2017-06-01 00:00:00,CEL,FRGUI,US,+,  -0.0249°S,0.001°S,0.000°E, 69.9051°W,0.001°W,   0.017°,0.0000°,0.0039°,35789,35786,35786,2017-029A  
412, 69.9611°W,STAR ONE D2,49055,2021-07-30 00:00:00,CEL,FRGUI,BRAZ,+,  -0.0180°S,0.001°S,0.000°E, 70.0003°W,0.003°E,   0.010°,0.0000°,0.0173°,35794,35781,35783,2021-069A  
413, 69.9631°W,STAR ONE C4,40733,2015-07-15 00:00:00,CEL,FRGUI,BRAZ,+,  -0.0141°S,0.002°S,0.001°W, 69.9815°W,0.001°W,   0.023°,0.0000°,0.0266°,35797,35778,35791,2015-034B  
200, 70.0069°E,COSMOS 2533,43867,2018-12-21 00:00:00,CEL,TYMSC,CIS,+,  -0.0154°S,0.001°S,0.000°W, 69.9975°E,0.006°E,   0.049°,0.0000°,0.0056°,35789,35785,35788,2018-107A  
199, 70.5314°E,EUTELSAT 70B,39020,2012-12-03 00:00:00,CEL,SEAL ,EUTE,+,  -0.0716°S,0.002°N,0.001°W, 70.4666°E,0.006°E,   0.071°,0.0000°,0.0400°,35802,35772,35798,2012-069A  
414, 70.5779°W,STAR ONE C1,32293,2007-11-14 00:00:00,CEL,FRGUI,BRAZ,+,   0.8841°N,0.007°N,0.031°W, 66.6554°W,4.344°W,   0.920°,0.0037°,0.0964°,36165,36093,36136,2007-056A  
415, 70.6000°W,UNKNOWN,84961,CEL,  -6.8734°S,0.226°S,0.035°E, 35.6612°W,6.056°W,   8.643°,0.3262°,1.5775°,36840,35667,35679,2022-05-25 06:00:00 UTC,2022-05-30 23:26:34 UTC,T=05.73,24:19:57.89,
416, 71.7889°W,ARSAT 1,40272,2014-10-16 00:00:00,CEL,FRGUI,ARGN,+,   0.0296°N,0.000°S,0.000°W, 71.7964°W,0.002°W,   0.047°,0.0000°,0.0156°,35793,35782,35788,2014-062B  
417, 71.9806°W,AMC-3 (GE-3),24936,1997-09-04 00:00:00,CEL,AFETR,SES,+,   4.4995°N,0.000°S,0.008°E, 71.9005°W,0.003°E,   4.507°,0.0887°,0.0321°,35799,35776,35786,1997-050A  
198, 72.0883°E,INTELSAT 22 (IS-22),38098,2012-03-25 00:00:00,CEL,TYMSC,ITSO,+,  -0.0022°S,0.001°N,0.001°W, 72.0848°E,0.002°E,   0.009°,0.0000°,0.0249°,35797,35778,35792,2012-011A  
418, 72.4348°W,ASTRA 2C,26853,2001-06-16 00:00:00,CEL,TYMSC,SES,+,   4.5238°N,0.001°N,0.008°E, 72.3502°W,0.002°E,   4.532°,0.0897°,0.0306°,35799,35776,35786,2001-025A  
197, 72.5653°E,FLTSATCOM 8 (USA 46),20253,1989-09-25 00:00:00,CEL,AFETR,US,+,  -9.5867°S,0.385°N,0.001°E, 72.1981°E,0.002°E,  12.865°,0.7228°,0.0847°,35818,35756,35812,1989-077A  
419, 72.6631°W,NIMIQ 5,35873,2009-09-17 00:00:00,CEL,TYMSC,CA,+,   0.0264°N,0.000°N,0.000°E, 72.6702°W,0.001°E,   0.047°,0.0000°,0.0333°,35800,35775,35783,2009-050A  
196, 73.9480°E,GSAT-11,43824,2018-12-04 00:00:00,CEL,FRGUI,IND,+,   0.0404°N,0.003°N,0.002°W, 73.9819°E,0.000°W,   0.069°,0.0000°,0.0820°,35818,35757,35804,2018-100B  
195, 73.9623°E,GSAT-18,41793,2016-10-05 00:00:00,CEL,FRGUI,IND,+,  -0.0508°S,0.002°S,0.000°W, 73.9894°E,0.002°W,   0.090°,0.0000°,0.0297°,35799,35777,35790,2016-060A  
420, 73.9996°W,AMAZONAS 4A,39616,2014-03-22 00:00:00,CEL,FRGUI,SPN,P,  -0.0192°S,0.002°S,0.000°E, 74.0002°W,0.009°W,   0.019°,0.0000°,0.0336°,35801,35776,35785,2014-011A  
194, 74.0448°E,GSAT-14,39498,2014-01-05 00:00:00,CEL,SRILR,IND,+,   0.0234°N,0.002°N,0.001°E, 74.0389°E,0.010°E,   0.041°,0.0000°,0.0225°,35795,35779,35779,2014-001A  
193, 74.0450°E,GSAT-7,39234,2013-08-29 00:00:00,CEL,FRGUI,IND,+,  -0.0680°S,0.003°S,0.002°E, 74.0373°E,0.002°E,   0.119°,0.0001°,0.0614°,35810,35765,35769,2013-044B  
192, 74.0626°E,INSAT-3DR,41752,2016-09-08 00:00:00,CEL,SRILR,IND,+,  -0.0897°S,0.004°S,0.004°E, 74.0575°E,0.004°E,   0.146°,0.0001°,0.1166°,35830,35745,35752,2016-054A  
191, 74.4406°E,UFO 11 (USA 174),28117,2003-12-18 00:00:00,CEL,AFETR,US,+,  -6.9205°S,0.043°N,0.016°E, 74.7431°E,0.005°E,   6.960°,0.2115°,0.0736°,35815,35761,35799,2003-057A  
190, 74.5283°E,MUOS-4,40887,2015-09-02 00:00:00,CEL,AFETR,US,+,  -2.0270°S,0.071°N,0.017°E, 75.1494°E,0.008°E,   2.553°,0.0285°,0.6426°,36024,35551,35649,2015-044A  
189, 74.7245°E,ABS-2A (MONGOLSAT-1),41588,2016-06-15 00:00:00,CEL,AFETR,ABS,+,  -0.0006°S,0.002°N,0.001°E, 74.7022°E,0.016°E,   0.024°,0.0000°,0.0261°,35796,35777,35778,2016-038A  
421, 74.8229°W,SGDC,42692,2017-05-04 00:00:00,CEL,FRGUI,BRAZ,+,   0.0203°N,0.001°S,0.000°W, 74.8717°W,0.000°W,   0.035°,0.0000°,0.0243°,35796,35779,35787,2017-023B  
188, 74.8791°E,ABS-2,39508,2014-02-06 00:00:00,CEL,FRGUI,ABS,P,  -0.0482°S,0.000°S,0.000°W, 74.9543°E,0.002°E,   0.060°,0.0000°,0.0430°,35803,35772,35787,2014-006A  
422, 74.9509°W,STAR ONE C3,38991,2012-11-10 00:00:00,CEL,FRGUI,BRAZ,+,  -0.0098°S,0.002°S,0.000°E, 74.9913°W,0.038°E,   0.019°,0.0000°,0.0265°,35794,35775,35782,2012-062A  
423, 75.1872°W,GOES 16,41866,2016-11-19 00:00:00,CEL,AFETR,US,+,  -0.0528°S,0.001°S,0.000°E, 75.1848°W,0.002°W,   0.047°,0.0000°,0.0068°,35790,35785,35785,2016-071A  
187, 76.0740°E,ELEKTRO-L 3,44903,2019-12-24 00:00:00,CEL,TYMSC,CIS,+,  -0.0353°S,0.000°N,0.000°W, 76.0731°E,0.003°E,   0.044°,0.0000°,0.0161°,35793,35781,35790,2019-095A  
424, 76.1892°W,INTELSAT 16 (IS-16) [PM],36397,2010-02-12 00:00:00,CEL,TYMSC,ITSO,+,  -0.0176°S,0.002°S,0.000°W, 76.1946°W,0.004°E,   0.015°,0.0000°,0.0192°,35794,35780,35788,2010-006A  
186, 76.4790°E,APSTAR 7,38107,2012-03-31 00:00:00,CEL,XICLF,PRC,+,  -0.0206°S,0.001°S,0.001°W, 76.4861°E,0.001°E,   0.057°,0.0000°,0.0315°,35799,35776,35794,2012-013A  
425, 76.9587°W,QUETZSAT 1,37826,2011-09-29 00:00:00,CEL,TYMSC,MEX,+,  -0.0094°S,0.001°S,0.000°E, 76.9689°W,0.000°W,   0.012°,0.0000°,0.0315°,35799,35776,35785,2011-054A  
185, 78.4668°E,THAICOM 6,39500,2014-01-06 00:00:00,CEL,AFETR,THAI,+,  -0.0338°S,0.002°S,0.001°W, 78.4587°E,0.005°W,   0.085°,0.0000°,0.0386°,35802,35774,35798,2014-002A  
184, 78.4812°E,THAICOM 8,41552,2016-05-27 00:00:00,CEL,AFETR,THAI,+,  -0.0789°S,0.000°S,0.000°W, 78.5446°E,0.002°E,   0.086°,0.0000°,0.0539°,35807,35768,35787,2016-031A  
426, 78.7424°W,SKY MEXICO-1,40664,2015-05-27 00:00:00,CEL,FRGUI,MEX,+,  -0.0120°S,0.001°S,0.000°E, 78.7504°W,0.000°W,   0.012°,0.0000°,0.0214°,35795,35780,35786,2015-026B  
183, 79.0888°E,BEIDOU 20,40938,2015-09-29 00:00:00,CEL,XICLF,PRC,S,  40.7606°N,1.391°N,0.252°E, 99.6946°E,0.162°E,  51.529°,11.5949°,0.5089°,35967,35593,35915,2015-053A  
182, 79.1125°E,FENGYUN 2H,43491,2018-06-05 00:00:00,CEL,XICLF,PRC,+,  -0.7372°S,0.034°S,0.002°W, 79.1530°E,0.014°E,   1.104°,0.0053°,0.0420°,35802,35771,35800,2018-050A  
181, 79.9811°E,EXPRESS 80,45986,2020-07-30 00:00:00,CEL,TYMSC,CIS,+,   0.0055°N,0.001°N,0.000°E, 79.9866°E,0.006°W,   0.012°,0.0000°,0.0049°,35790,35786,35786,2020-053B  
180, 79.9924°E,TIANLIAN 2-01,44076,2019-03-31 00:00:00,CEL,XICLF,PRC,+,   0.1517°N,0.010°N,0.016°W, 80.2055°E,0.014°W,   0.266°,0.0003°,0.3735°,35926,35651,35922,2019-017A  
179, 80.0247°E,BEIDOU-3 G2,45344,2020-03-09 00:00:00,CEL,XICLF,PRC,+,  -1.0709°S,0.080°N,0.002°W, 79.9768°E,0.004°E,   2.079°,0.0189°,0.0498°,35805,35769,35799,2020-017A  
178, 80.2329°E,COSMOS 2513,41121,2015-12-13 00:00:00,CEL,TYMSC,CIS,+,  -0.0287°S,0.001°S,0.001°W, 80.2980°E,0.004°E,   0.065°,0.0000°,0.0372°,35801,35774,35793,2015-075A  
177, 80.8607°E,BEIDOU 10,37948,2011-12-01 00:00:00,CEL,XICLF,PRC,+,  32.2710°N,1.601°N,0.265°W,103.2868°E,0.180°W,  50.362°,11.0755°,0.9108°,36126,35456,36118,2011-073A  
427, 80.9851°W,ARSAT 2,40941,2015-09-30 00:00:00,CEL,FRGUI,ARGN,+,   0.0307°N,0.000°N,0.000°W, 80.9942°W,0.001°W,   0.049°,0.0000°,0.0182°,35794,35781,35787,2015-054B  
176, 81.4101°E,CHINASAT 1C (ZX 1C),41103,2015-12-09 00:00:00,CEL,XICLF,PRC,+,  -2.7829°S,0.078°S,0.001°E, 81.4145°E,0.002°W,   3.346°,0.0489°,0.0154°,35793,35782,35792,2015-073A  
175, 81.4335°E,TIANTONG-1 3,47321,2021-01-19 00:00:00,CEL,XICLF,PRC,+,   1.0308°N,0.190°N,0.008°W, 81.5378°E,0.007°W,   4.467°,0.0872°,0.0457°,35805,35771,35793,2021-003A  
428, 81.9641°W,NIMIQ 4,33373,2008-09-19 00:00:00,CEL,TYMSC,CA,+,  -0.0007°S,0.001°S,0.000°W, 81.9750°W,0.003°W,   0.007°,0.0000°,0.0282°,35798,35777,35788,2008-044A  
174, 82.1287°E,INSAT-3D,39216,2013-07-25 00:00:00,CEL,FRGUI,IND,+,  -0.0239°S,0.001°S,0.000°W, 82.1289°E,0.003°W,   0.059°,0.0000°,0.0093°,35791,35784,35789,2013-038B  
173, 82.5075°E,GSAT-6,40880,2015-08-27 00:00:00,CEL,SRILR,IND,+,  -0.0001°S,0.000°N,0.001°W, 82.5153°E,0.007°E,   0.004°,0.0000°,0.0337°,35799,35775,35791,2015-041A  
172, 82.6121°E,SHIJIAN-21 (SJ-21),49330,2021-10-24 00:00:00,CEL,XICLF,PRC,+,  -8.4206°S,0.025°N,0.022°E, 84.5632°E,0.631°E,   8.423°,0.3098°,1.2694°,36206,35273,35827,2021-094A  
171, 82.9754°E,GSAT-30,45026,2020-01-16 00:00:00,CEL,FRGUI,IND,+,   0.0046°N,0.002°N,0.001°W, 83.0872°E,0.007°W,   0.012°,0.0000°,0.0588°,35810,35766,35798,2020-005A  
429, 82.9771°W,AMC-18,29644,2006-12-08 00:00:00,CEL,FRGUI,SES,+,  -0.0070°S,0.002°S,0.000°W, 82.9840°W,0.000°W,   0.012°,0.0000°,0.0244°,35797,35779,35787,2006-054B  
170, 82.9909°E,GSAT-10,38779,2012-09-28 00:00:00,CEL,FRGUI,IND,+,  -0.0340°S,0.001°S,0.000°W, 83.0029°E,0.001°W,   0.070°,0.0000°,0.0107°,35792,35784,35790,2012-051B  
169, 83.0257°E,IRNSS-1C,40269,2014-10-15 00:00:00,CEL,SRILR,IND,+,  -0.6880°S,0.122°S,0.013°W, 83.1089°E,0.006°W,   2.922°,0.0373°,0.2300°,35872,35703,35870,2014-061A  
168, 83.0298°E,CMS-01,47256,2020-12-17 00:00:00,CEL,SRILR,IND,+,  -0.0093°S,0.000°S,0.002°E, 82.9573°E,0.003°E,   0.037°,0.0000°,0.0508°,35806,35769,35770,2020-099A  
167, 83.0678°E,EXPRESS-AM3,28707,2005-06-24 00:00:00,CEL,TYMSC,CIS,+,  -3.0560°S,0.075°S,0.030°W,100.1661°E,4.592°W,   3.546°,0.0549°,0.0203°,36156,36141,36151,2005-023A  
166, 83.4965°E,TJS-4,44637,2019-10-17 00:00:00,CEL,XICLF,PRC,+,   0.0275°N,0.002°N,0.000°W, 83.5694°E,0.004°E,   0.040°,0.0000°,0.0386°,35802,35773,35790,2019-070A  
430, 83.5417°W,ABS-7,25894,1999-09-04 00:00:00,CEL,FRGUI,ABS,+,   2.5297°N,0.039°N,0.005°W, 81.9686°W,1.129°W,   2.716°,0.0322°,0.0722°,35902,35849,35867,1999-046A  
165, 83.8627°E,BEIDOU 16,38953,2012-10-25 00:00:00,CEL,XICLF,PRC,+,  -1.6787°S,0.040°S,0.004°E, 83.9504°E,0.008°W,   1.945°,0.0165°,0.1390°,35839,35737,35763,2012-059A  
164, 83.9615°E,BEIDOU 17,40549,2015-03-30 00:00:00,CEL,XICLF,PRC,S,  13.8445°N,1.917°N,0.863°W, 88.5734°E,0.292°W,  51.918°,11.7707°,0.4136°,35931,35626,35928,2015-019A  
431, 84.0245°W,STAR ONE D1,41904,2016-12-21 00:00:00,CEL,FRGUI,BRAZ,+,  -0.0028°S,0.001°S,0.000°E, 84.0348°W,0.011°W,   0.007°,0.0000°,0.0142°,35794,35783,35785,2016-082B  
163, 84.8169°E,HORIZONS-2,32388,2007-12-21 00:00:00,CEL,FRGUI,ITSO,+,   0.0011°N,0.002°N,0.000°W, 84.8159°E,0.000°E,   0.012°,0.0000°,0.0325°,35799,35776,35787,2007-063B  
162, 84.9814°E,RADUGA-1M 2,36358,2010-01-28 00:00:00,CEL,TYMSC,CIS,+,   0.0597°N,0.002°N,0.001°W, 84.9783°E,0.003°E,   0.070°,0.0000°,0.0208°,35795,35780,35791,2010-002A  
161, 85.1190°E,INTELSAT 15 (IS-15),36106,2009-11-30 00:00:00,CEL,TYMSC,ITSO,+,  -0.0202°S,0.001°N,0.000°W, 85.1181°E,0.000°E,   0.028°,0.0000°,0.0236°,35796,35779,35788,2009-067A  
432, 85.1241°W,XM-3 (RHYTHM),28626,2005-03-01 00:00:00,CEL,SEAL ,US,+,   0.0000°N,0.000°N,0.001°E, 85.0974°W,0.013°W,   0.016°,0.0000°,0.0176°,35795,35782,35782,2005-008A  
160, 85.1403°E,TDRS 7,23613,1995-07-13 00:00:00,CEL,AFETR,US,+,  -7.8198°S,0.513°N,0.030°W, 84.7566°E,0.002°E,  13.985°,0.8540°,0.3489°,35915,35658,35775,1995-035B  
433, 85.1883°W,XM-4 (BLUES),29520,2006-10-30 00:00:00,CEL,SEAL ,US,+,  -0.0130°S,0.001°S,0.002°W, 85.1225°W,0.053°W,   0.015°,0.0000°,0.0275°,35802,35781,35800,2006-049A  
434, 85.2002°W,SXM-8,48838,2021-06-06 00:00:00,CEL,AFETR,US,+,  -0.0116°S,0.002°S,0.001°W, 85.2096°W,0.004°W,   0.018°,0.0000°,0.0140°,35793,35783,35791,2021-049A  
159, 85.7149°E,WGS F3 (USA 211),36108,2009-12-06 00:00:00,CEL,AFETR,US,+,  -0.1290°S,0.003°S,0.000°E, 85.7188°E,0.007°W,   0.170°,0.0001°,0.0047°,35790,35786,35786,2009-068A  
435, 86.1406°W,FM-5,35493,2009-06-30 00:00:00,CEL,TYMSC,US,+,  -0.0106°S,0.002°S,0.000°W, 86.1465°W,0.002°E,   0.013°,0.0000°,0.0045°,35789,35786,35787,2009-034A  
158, 86.5115°E,KAZSAT-2,37749,2011-07-15 00:00:00,CEL,TYMSC,KAZ,+,   0.0271°N,0.001°N,0.000°E, 86.5040°E,0.008°E,   0.031°,0.0000°,0.0010°,35787,35787,35786,2011-035B  
157, 86.6046°E,FENGYUN 2E,33463,2008-12-23 00:00:00,CEL,XICLF,PRC,P,  -5.8047°S,0.032°S,0.012°E, 86.7125°E,0.009°W,   5.867°,0.1503°,0.0449°,35805,35772,35795,2008-066A  
436, 86.8082°W,ASTRA 3A,27400,2002-03-29 00:00:00,CEL,FRGUI,SES,+,   7.3523°N,0.030°S,0.021°E, 86.6086°W,0.008°E,   7.367°,0.2370°,0.0110°,35792,35783,35786,2002-015B  
437, 86.9693°W,SES-2,37809,2011-09-21 00:00:00,CEL,FRGUI,SES,+,   0.0055°N,0.001°S,0.000°W, 86.9697°W,0.007°W,   0.018°,0.0000°,0.0320°,35800,35776,35787,2011-049A  
156, 87.1643°E,UNKNOWN,83903,CEL,   3.7781°N,0.355°N,0.113°W, 94.1729°E,4.072°W,   9.314°,0.3788°,1.5000°,36672,35560,36663,2022-05-29 15:52:58 UTC,2022-05-30 23:26:34 UTC,T=01.32,24:12:55.08,
438, 87.2093°W,TKSAT-1 (TUPAC KATARI),39481,2013-12-20 00:00:00,CEL,XICLF,BOL,+,  -0.0145°S,0.001°S,0.001°W, 87.2195°W,0.013°W,   0.019°,0.0000°,0.0306°,35800,35777,35791,2013-075A  
155, 87.4662°E,CHINASAT 12 (ZX 12),39017,2012-11-27 00:00:00,CEL,XICLF,PRC,+,  -0.0256°S,0.001°S,0.000°W, 87.5257°E,0.002°W,   0.053°,0.0000°,0.0326°,35800,35776,35788,2012-067A  
154, 87.6937°E,USA 176 (DSP 22),28158,2004-02-14 00:00:00,CEL,AFETR,US,+,  -9.3264°S,0.177°N,0.026°E, 87.4205°E,0.008°E,  10.069°,0.4427°,0.0035°,35789,35786,35789,2004-004A  
153, 87.9941°E,ST-2,37606,2011-05-20 00:00:00,CEL,FRGUI,STCT,+,  -0.0086°S,0.001°N,0.001°W, 87.9991°E,0.002°W,   0.019°,0.0000°,0.0206°,35795,35780,35791,2011-022B  
152, 88.4215°E,WGS F4 (USA 233),38070,2012-01-20 00:00:00,CEL,AFETR,US,+,   0.0032°N,0.002°N,0.000°E, 88.4259°E,0.005°W,   0.015°,0.0000°,0.0029°,35789,35787,35786,2012-003A  
151, 88.9242°E,INMARSAT 3-F3,24674,1996-12-18 00:00:00,CEL,AFETR,IM,+,  -7.0920°S,0.007°S,0.011°E, 90.7187°E,1.054°W,   7.095°,0.2198°,0.0856°,35901,35838,35880,1996-070A  
439, 88.9804°W,GALAXY 28 (G-28),28702,2005-06-23 00:00:00,CEL,SEAL ,ITSO,+,  -0.0051°S,0.002°S,0.001°E, 88.9767°W,0.002°W,   0.013°,0.0000°,0.0282°,35798,35777,35781,2005-022A  
150, 89.0584°E,USA 271,41745,2016-08-19 00:00:00,CEL,AFETR,US,+,  -0.2892°S,0.008°S,0.004°W, 98.1976°E,0.447°W,   0.319°,0.0004°,0.0195°,35828,35813,35825,2016-052B  
440, 89.3656°W,USA 99 (MILSTAR-1 1),22988,1994-02-07 00:00:00,CEL,AFETR,US,+,  14.6563°N,0.213°S,0.074°E, 89.0687°W,0.032°E,  15.319°,1.0247°,0.0102°,35791,35783,35783,1994-009A  
149, 89.4164°E,TDRS 8,26388,2000-06-30 00:00:00,CEL,AFETR,US,+,  -9.9107°S,0.141°N,0.039°E, 89.9075°E,0.015°E,  10.340°,0.4669°,0.2667°,35886,35689,35739,2000-034A  
148, 89.8108°E,YAMAL 401,40345,2014-12-15 00:00:00,CEL,TYMSC,CIS,+,  -0.0430°S,0.001°N,0.000°E, 89.8760°E,0.035°W,   0.052°,0.0000°,0.0171°,35797,35784,35785,2014-082A  
147, 90.7366°E,LUCAS (JDRS-1),47202,2020-11-29 00:00:00,CEL,TANSC,JPN,+,  -0.0158°S,0.000°S,0.000°E, 90.7956°E,0.004°E,   0.042°,0.0000°,0.0332°,35799,35775,35785,2020-089A  
441, 90.9739°W,GALAXY 17 (G-17),31307,2007-05-04 00:00:00,CEL,FRGUI,US,+,   0.0186°N,0.002°S,0.000°E, 90.9746°W,0.001°E,   0.033°,0.0000°,0.0298°,35798,35777,35783,2007-016B  
442, 91.0715°W,NIMIQ 6,38342,2012-05-17 00:00:00,CEL,TYMSC,CA,+,  -0.0104°S,0.002°S,0.000°W, 91.0856°W,0.003°E,   0.017°,0.0000°,0.0279°,35798,35777,35786,2012-026A  
146, 91.1358°E,USA 270,41744,2016-08-19 00:00:00,CEL,AFETR,US,+,  -0.3241°S,0.009°S,0.004°E, 78.5232°E,0.594°E,   0.354°,0.0005°,0.0053°,35742,35738,35738,2016-052A  
145, 91.4694°E,MEASAT-3B,40147,2014-09-11 00:00:00,CEL,FRGUI,MALA,+,  -0.0386°S,0.001°N,0.000°E, 91.5103°E,0.002°E,   0.049°,0.0000°,0.0375°,35801,35774,35786,2014-054B  
144, 91.4895°E,MEASAT-3A,35362,2009-06-21 00:00:00,CEL,TYMSC,MALA,+,  -0.0059°S,0.000°S,0.001°W, 91.4915°E,0.011°W,   0.008°,0.0000°,0.0125°,35793,35784,35791,2009-032A  
143, 92.1379°E,CHINASAT 9 (ZX 9),33051,2008-06-09 00:00:00,CEL,XICLF,PRC,+,   0.0056°N,0.002°N,0.001°W, 92.2304°E,0.003°W,   0.020°,0.0000°,0.0476°,35805,35770,35793,2008-028A  
443, 92.7609°W,ICO G1,32763,2008-04-14 00:00:00,CEL,AFETR,US,+,   3.4294°N,0.095°S,0.003°E, 92.8164°W,0.003°W,   4.010°,0.0702°,0.0256°,35797,35778,35785,2008-016A  
142, 93.0383°E,JCSAT-16,41729,2016-08-14 00:00:00,CEL,AFETR,JPN,+,  -0.0774°S,0.001°S,0.001°E, 92.9917°E,0.004°W,   0.098°,0.0000°,0.0320°,35800,35776,35778,2016-050A  
444, 93.1416°W,GALAXY 11 (G-11),26038,1999-12-22 00:00:00,CEL,FRGUI,US,+,   2.5330°N,0.063°N,0.002°E, 93.1346°W,0.001°W,   2.953°,0.0381°,0.0008°,35788,35787,35786,1999-071A  
141, 93.4498°E,GSAT-15,41028,2015-11-10 00:00:00,CEL,FRGUI,IND,+,   0.0370°N,0.001°N,0.000°W, 93.5243°E,0.007°W,   0.039°,0.0000°,0.0465°,35805,35771,35787,2015-065A  
140, 93.4950°E,GSAT-17,42815,2017-06-28 00:00:00,CEL,FRGUI,IND,+,   0.0156°N,0.001°N,0.001°E, 93.4637°E,0.004°E,   0.014°,0.0000°,0.0262°,35797,35778,35777,2017-040B  
139, 93.8122°E,BEIDOU 7,37256,2010-12-17 00:00:00,CEL,XICLF,PRC,+,  39.9393°N,1.348°N,0.268°E,118.1758°E,0.005°E,  50.247°,11.0251°,0.2408°,35880,35703,35839,2010-068A  
445, 94.1452°W,AEHF-2 (USA 235),38254,2012-05-04 00:00:00,CEL,AFETR,US,+,   3.3002°N,0.008°N,0.004°E, 94.2371°W,0.000°E,   3.308°,0.0478°,0.0374°,35801,35774,35785,2012-019A  
138, 94.7115°E,LUCH 5V,39727,2014-04-28 00:00:00,CEL,TYMSC,CIS,+,  -1.4292°S,0.009°S,0.000°W, 94.7297°E,0.004°W,   1.457°,0.0093°,0.0406°,35803,35773,35796,2014-023A  
446, 94.9554°W,SPACEWAY 3,32018,2007-08-14 00:00:00,CEL,FRGUI,US,+,   0.1512°N,0.003°N,0.000°W, 94.9596°W,0.001°E,   0.179°,0.0001°,0.0054°,35790,35786,35788,2007-036A  
137, 94.9688°E,SES-8,39460,2013-12-03 00:00:00,CEL,AFETR,SES,+,   0.0186°N,0.001°N,0.000°W, 94.9757°E,0.006°W,   0.018°,0.0000°,0.0291°,35799,35777,35788,2013-071A  
136, 95.0083°E,SES-12,43488,2018-06-04 00:00:00,CEL,AFETR,SES,+,  -0.0296°S,0.001°N,0.000°E, 95.0071°E,0.001°W,   0.043°,0.0000°,0.0127°,35792,35783,35782,2018-049A  
447, 95.0462°W,INTELSAT 30 (IS-30),40271,2014-10-16 00:00:00,CEL,FRGUI,ITSO,+,  -0.0029°S,0.001°S,0.000°E, 95.0423°W,0.003°W,   0.005°,0.0000°,0.0135°,35793,35783,35784,2014-062A  
448, 95.0755°W,GALAXY 3C (G-3C),27445,2002-06-15 00:00:00,CEL,SEAL ,US,+,  -0.0015°S,0.001°S,0.001°W, 95.0694°W,0.009°W,   0.006°,0.0000°,0.0173°,35795,35782,35793,2002-030A  
449, 95.0805°W,INTELSAT 31 (IS-31),41581,2016-06-09 00:00:00,CEL,TYMSC,ITSO,+,  -0.0031°S,0.001°S,0.000°E, 95.0760°W,0.004°W,   0.004°,0.0000°,0.0251°,35797,35779,35785,2016-035A  
135, 95.1982°E,SKYNET 5A,30794,2007-03-11 00:00:00,CEL,FRGUI,UK,+,  -1.8506°S,0.032°S,0.001°E, 95.2613°E,0.005°W,   2.019°,0.0178°,0.0367°,35801,35774,35788,2007-007B  
450, 95.6080°W,USA 107 (DSP 17),23435,1994-12-22 00:00:00,CEL,AFETR,US,P,   9.7660°N,0.483°S,0.012°W, 96.9858°W,0.014°W,  14.585°,0.9289°,0.0226°,35796,35780,35779,1994-084A  
134, 95.9243°E,UNKNOWN,83934,CEL,   3.9923°N,0.327°N,0.058°W, 87.9871°E,8.172°E,   8.658°,0.3273°,2.5595°,36057,34203,35967,2022-05-29 22:41:05 UTC,2022-05-30 23:26:34 UTC,T=01.03,23:22:38.42,
133, 96.4953°E,EXPRESS 103,45985,2020-07-30 00:00:00,CEL,TYMSC,CIS,+,   0.0128°N,0.001°N,0.000°W, 96.4974°E,0.004°W,   0.010°,0.0000°,0.0050°,35790,35786,35787,2020-053A  
132, 96.5802°E,SHIYAN 12 02 (SY-12 02),50322,2021-12-23 00:00:00,CEL,WSC  ,PRC,+,   0.1848°N,0.000°N,0.002°E, 96.5247°E,0.285°E,   0.180°,0.0001°,0.0086°,35769,35762,35764,2021-129B  
451, 96.9712°W,GALAXY 19 (G-19),33376,2008-09-24 00:00:00,CEL,SEAL ,US,+,   0.0027°N,0.001°S,0.000°E, 96.9637°W,0.007°W,   0.007°,0.0000°,0.0328°,35800,35776,35783,2008-045A  
452, 97.1509°W,ECHOSTAR 19,41893,2016-12-18 00:00:00,CEL,AFETR,US,+,   0.0028°N,0.002°S,0.000°E, 97.1381°W,0.013°W,   0.020°,0.0000°,0.0109°,35793,35785,35785,2016-079A  
131, 97.3001°E,GSAT-9,42695,2017-05-05 00:00:00,CEL,SRILR,IND,+,   0.0453°N,0.001°N,0.000°E, 97.3514°E,0.003°E,   0.045°,0.0000°,0.0288°,35798,35777,35783,2017-024A  
130, 97.8534°E,CHINASAT 11 (ZX 11),39157,2013-05-01 00:00:00,CEL,XICLF,PRC,+,   0.0509°N,0.002°N,0.000°E, 97.8872°E,0.011°W,   0.050°,0.0000°,0.0190°,35795,35781,35784,2013-020A  
453, 97.9300°W,INMARSAT 4-F3,33278,2008-08-18 00:00:00,CEL,TYMSC,IM,+,   2.7919°N,0.081°S,0.002°E, 97.9716°W,0.000°E,   3.303°,0.0476°,0.0320°,35799,35776,35781,2008-039A  
129, 98.0311°E,CHINASAT 2E (ZX 2E),49062,2021-08-05 00:00:00,CEL,XICLF,PRC,+,  -0.0315°S,0.000°N,0.000°W, 98.0525°E,0.001°E,   0.046°,0.0000°,0.0132°,35792,35783,35788,2021-071A  
128, 98.1953°E,CHINASAT 2A (ZX 2A),38352,2012-05-26 00:00:00,CEL,XICLF,PRC,+,   0.0307°N,0.001°N,0.001°E, 98.2578°E,0.009°W,   0.028°,0.0000°,0.0374°,35802,35774,35780,2012-028A  
127, 98.5405°E,THURAYA-3,32404,2008-01-15 00:00:00,CEL,SEAL ,UAE,+,  -2.8229°S,0.130°N,0.001°W, 98.4989°E,0.003°W,   4.048°,0.0715°,0.0304°,35799,35776,35787,2008-001A  
454, 98.9898°W,GALAXY 16 (G-16)    [PM],29236,2006-06-18 00:00:00,CEL,SEAL ,US,+,   0.0140°N,0.001°N,0.000°E, 98.9900°W,0.002°E,   0.052°,0.0000°,0.0299°,35799,35777,35782,2006-023A  
455, 99.2158°W,DIRECTV 14,40333,2014-12-06 00:00:00,CEL,FRGUI,US,+,   0.0324°N,0.001°N,0.000°E, 99.2146°W,0.008°E,   0.058°,0.0000°,0.0106°,35791,35783,35782,2014-078B  
456, 99.2845°W,DIRECTV 11,32729,2008-03-19 00:00:00,CEL,SEAL ,US,+,   0.0130°N,0.001°N,0.001°W, 99.2203°W,0.074°W,   0.051°,0.0000°,0.0030°,35794,35792,35792,2008-013A  
457, 99.3026°W,MUOS-1,38093,2012-02-24 00:00:00,CEL,AFETR,US,+,   2.7541°N,0.045°S,0.006°W, 99.7352°W,0.001°W,   2.914°,0.0371°,0.6721°,36035,35540,35854,2012-009A  
126, 99.9121°E,FENGYUN 2G,40367,2014-12-31 00:00:00,CEL,XICLF,PRC,+,  -1.7756°S,0.025°S,0.001°E, 99.9369°E,0.000°E,   1.891°,0.0156°,0.0160°,35793,35782,35787,2014-090A  
125,100.4731°E,ASIASAT 5,35696,2009-08-11 00:00:00,CEL,TYMSC,AC,+,   0.0195°N,0.002°N,0.000°E,100.5137°E,0.001°W,   0.018°,0.0000°,0.0209°,35795,35780,35785,2009-042A  
458,100.9597°W,AT&T T-16,44333,2019-06-20 00:00:00,CEL,FRGUI,US,+,  -0.0027°S,0.002°S,0.001°W,100.8499°W,0.059°W,   0.013°,0.0000°,0.0155°,35798,35787,35795,2019-034A  
459,100.9750°W,SES-1,36516,2010-04-24 00:00:00,CEL,TYMSC,SES,+,   0.0009°N,0.002°S,0.000°E,100.9765°W,0.001°E,   0.017°,0.0000°,0.0285°,35798,35777,35783,2010-016A  
460,101.1734°W,DIRECTV 9S,29494,2006-10-13 00:00:00,CEL,FRGUI,US,+,   0.0018°N,0.002°S,0.001°E,101.1656°W,0.007°W,   0.019°,0.0000°,0.0335°,35801,35776,35781,2006-043A  
461,101.2671°W,SKYTERRA 1,37218,2010-11-14 00:00:00,CEL,TYMSC,US,+,   2.3225°N,0.034°S,0.001°E,101.2695°W,0.002°E,   2.426°,0.0257°,0.0346°,35800,35775,35791,2010-061A  
124,101.3770°E,CHINASAT 9B,49125,2021-09-09 00:00:00,CEL,XICLF,PRC,+,  -0.0090°S,0.001°S,0.000°E,101.4018°E,0.006°E,   0.004°,0.0000°,0.0239°,35796,35778,35785,2021-080A  
123,101.3859°E,TIANTONG-1 1,41725,2016-08-05 00:00:00,CEL,XICLF,PRC,+,  -0.6168°S,0.098°N,0.002°W,101.4352°E,0.005°W,   2.286°,0.0228°,0.0376°,35802,35774,35787,2016-048A  
122,101.6449°E,BEIDOU-3 IGSO-3,44709,2019-11-04 00:00:00,CEL,XICLF,PRC,+,  47.8756°N,1.443°N,0.587°E,135.7770°E,0.140°E,  57.294°,14.3344°,0.2563°,35884,35695,35818,2019-073A  
462,102.7171°W,DIRECTV 12,36131,2009-12-29 00:00:00,CEL,TYMSC,US,+,   0.0017°N,0.001°N,0.000°W,102.7025°W,0.011°W,   0.048°,0.0000°,0.0056°,35791,35786,35789,2009-075A  
463,102.7970°W,DIRECTV 10,31862,2007-07-07 00:00:00,CEL,TYMSC,US,+,   0.0012°N,0.000°S,0.000°W,102.7855°W,0.009°W,   0.009°,0.0000°,0.0023°,35789,35787,35787,2007-032A  
464,102.8685°W,DIRECTV 15,40663,2015-05-27 00:00:00,CEL,FRGUI,US,+,   0.0291°N,0.001°N,0.000°W,102.8524°W,0.004°W,   0.056°,0.0000°,0.0099°,35792,35784,35790,2015-026A  
465,102.9800°W,SES-3,37748,2011-07-15 00:00:00,CEL,TYMSC,US,+,   0.0333°N,0.001°S,0.000°E,102.9878°W,0.007°E,   0.038°,0.0000°,0.0300°,35798,35776,35783,2011-035A  
121,102.9850°E,EXPRESS AMU-3,50002,2021-12-13 00:00:00,CEL,TYMSC,CIS,+,   0.0178°N,0.001°N,0.000°W,102.9888°E,0.006°W,   0.013°,0.0000°,0.0063°,35790,35786,35788,2021-123B  
120,103.4298°E,CHINASAT 2C (ZX 2C),41021,2015-11-03 00:00:00,CEL,XICLF,PRC,+,   0.0190°N,0.001°N,0.001°W,103.4612°E,0.001°W,   0.013°,0.0000°,0.0182°,35794,35781,35791,2015-063A  
119,103.6391°E,BEIDOU 9,37763,2011-07-26 00:00:00,CEL,XICLF,PRC,+,  20.0724°N,1.988°S,0.863°W,110.8475°E,0.313°W,  54.474°,12.9582°,1.1189°,36195,35372,35656,2011-038A  
118,104.3768°E,USA 113,23628,1995-07-31 00:00:00,CEL,AFETR,US,+,  -7.9274°S,0.405°N,0.010°W,103.6858°E,0.017°W,  12.062°,0.6354°,0.0084°,35791,35785,35786,1995-038A  
117,104.5587°E,FENGYUN 4A,41882,2016-12-10 00:00:00,CEL,XICLF,PRC,+,   0.0658°N,0.003°N,0.002°W,104.6191°E,0.004°W,   0.074°,0.0000°,0.0470°,35805,35771,35801,2016-077A  
466,104.6961°W,GOES 14,35491,2009-06-27 00:00:00,CEL,AFETR,US,B,   0.1818°N,0.008°N,0.001°E,104.4807°W,0.001°W,   0.276°,0.0003°,0.1356°,35838,35738,35777,2009-033A  
116,104.9337°E,ASIASTAR,26107,2000-03-21 00:00:00,CEL,FRGUI,US,+,  -5.6276°S,0.019°N,0.012°E,104.9349°E,0.015°E,   5.639°,0.1389°,0.0509°,35805,35768,35783,2000-016A  
467,104.9389°W,SES-11 (ECHOSTAR 105),42967,2017-10-11 00:00:00,CEL,AFETR,SES,+,  -0.0005°S,0.002°S,0.001°E,104.9239°W,0.006°W,   0.015°,0.0000°,0.0247°,35797,35779,35779,2017-063A  
468,105.0375°W,AMC-15,28446,2004-10-14 00:00:00,CEL,TYMSC,SES,+,   0.0101°N,0.002°S,0.000°E,105.0470°W,0.009°E,   0.018°,0.0000°,0.0272°,35797,35777,35783,2004-041A  
469,105.1708°W,LDPE-1,49818,2021-12-07 00:00:00,CEL,AFETR,US,+,   0.2295°N,0.013°N,0.023°E,109.4795°W,3.325°E,   0.398°,0.0007°,0.0057°,35533,35529,35531,2021-118B  
115,105.4881°E,ASIASAT 7,37933,2011-11-25 00:00:00,CEL,TYMSC,AC,+,  -0.0294°S,0.001°S,0.000°E,105.5180°E,0.007°W,   0.057°,0.0000°,0.0156°,35794,35782,35783,2011-069A  
470,105.5295°W,SDO,36395,2010-02-11 00:00:00,CEL,AFETR,US,+,  14.6512°N,1.178°N,0.214°W,103.4380°W,0.091°W,  31.621°,4.3663°,0.0180°,35794,35781,35788,2010-005A  
114,105.7412°E,GAOFEN 4,41194,2015-12-28 00:00:00,CEL,XICLF,PRC,+,   0.0419°N,0.002°N,0.003°W,105.7305°E,0.000°W,   0.037°,0.0000°,0.0620°,35810,35765,35807,2015-083A  
113,106.1577°E,BEIDOU IGSO-6,41434,2016-03-29 00:00:00,CEL,XICLF,PRC,+, -55.9119°S,0.913°N,1.629°E, 95.3911°E,0.718°E,  58.075°,14.7278°,0.5062°,35969,35596,35705,2016-021A  
471,106.5316°W,MUOS-5,41622,2016-06-24 00:00:00,CEL,AFETR,US,+,  -1.2328°S,0.248°S,0.066°E,103.1190°W,0.031°E,   5.655°,0.1397°,2.2569°,36618,34957,35162,2016-041A  
472,107.0708°W,AMSC 1,23553,1995-04-07 00:00:00,CEL,AFETR,US,+,  11.4487°N,0.161°S,0.046°E,107.4822°W,0.015°E,  11.930°,0.6215°,0.0770°,35816,35759,35778,1995-019A  
473,107.1207°W,ECHOSTAR 17,38551,2012-07-05 00:00:00,CEL,FRGUI,US,+,   0.0079°N,0.002°S,0.000°E,107.1300°W,0.022°W,   0.021°,0.0000°,0.0226°,35798,35781,35786,2012-035A  
474,107.2748°W,ANIK F1R,28868,2005-09-08 00:00:00,CEL,TYMSC,CA,+,   0.3294°N,0.016°N,0.000°E,107.3258°W,0.002°E,   0.514°,0.0012°,0.0354°,35801,35774,35784,2005-036A  
475,107.3016°W,ANIK G1,39127,2013-04-15 00:00:00,CEL,TYMSC,CA,+,  -0.0030°S,0.001°S,0.000°E,107.3094°W,0.001°E,   0.012°,0.0000°,0.0048°,35789,35786,35784,2013-014A  
112,107.5075°E,TJS-5,44978,2020-01-07 00:00:00,CEL,XICLF,PRC,+,  -0.3060°S,0.002°S,0.001°W,107.5252°E,0.013°W,   0.326°,0.0005°,0.0130°,35793,35784,35792,2020-002A  
111,107.9975°E,TELKOM 4 (MERAH PUTIH),43587,2018-08-07 00:00:00,CEL,AFETR,INDO,+,   0.0179°N,0.002°N,0.000°E,108.0208°E,0.001°W,   0.016°,0.0000°,0.0120°,35792,35783,35786,2018-064A  
110,108.2389°E,SES-7 (PROTOSTAR 2),34941,2009-05-16 00:00:00,CEL,TYMSC,SES,+,  -0.0400°S,0.000°N,0.000°E,108.2382°E,0.003°E,   0.057°,0.0000°,0.0073°,35790,35785,35783,2009-027A  
109,108.2724°E,SES-9,41380,2016-03-04 00:00:00,CEL,AFETR,SES,+,   0.0228°N,0.001°N,0.000°E,108.2799°E,0.004°W,   0.017°,0.0000°,0.0216°,35796,35780,35786,2016-013A  
476,109.0777°W,ANIK F1,26624,2000-11-21 00:00:00,CEL,FRGUI,CA,+,   0.8669°N,0.046°N,0.003°E,109.2590°W,0.001°E,   1.390°,0.0084°,0.1203°,35832,35743,35756,2000-076A  
477,109.3219°W,NIMIQ 2,27632,2002-12-29 00:00:00,CEL,TYMSC,CA,+,   5.1863°N,0.124°N,0.010°E,109.3416°W,0.007°E,   5.964°,0.1553°,0.0623°,35810,35765,35763,2002-062A  
108,109.7801°E,BSAT-4A,42951,2017-09-29 00:00:00,CEL,FRGUI,JPN,+,  -0.0251°S,0.003°N,0.001°E,109.8323°E,0.009°W,   0.062°,0.0000°,0.0418°,35804,35773,35782,2017-059B  
107,109.7885°E,BSAT-4B,46112,2020-08-15 00:00:00,CEL,FRGUI,JPN,+,  -0.0078°S,0.001°S,0.001°W,109.8614°E,0.008°W,   0.008°,0.0000°,0.0383°,35802,35774,35794,2020-056A  
106,109.8299°E,BEIDOU 5,36828,2010-07-31 00:00:00,CEL,XICLF,PRC,+,   8.8581°N,2.032°S,1.003°W, 95.0788°E,0.441°W,  54.190°,12.8236°,0.3205°,35910,35674,35682,2010-036A  
105,109.8488°E,BSAT-3B,37207,2010-10-28 00:00:00,CEL,FRGUI,JPN,+,   0.0140°N,0.003°N,0.001°E,109.8449°E,0.002°W,   0.046°,0.0000°,0.0214°,35796,35780,35779,2010-056B  
104,109.8619°E,BSAT-3A,32019,2007-08-14 00:00:00,CEL,FRGUI,JPN,+,   0.0291°N,0.000°S,0.000°W,109.8629°E,0.001°E,   0.038°,0.0000°,0.0099°,35791,35784,35789,2007-036B  
478,109.8909°W,ECHOSTAR 23,42070,2017-03-16 00:00:00,CEL,AFETR,US,+,   0.0128°N,0.002°S,0.001°E,109.9132°W,0.007°E,   0.016°,0.0000°,0.0237°,35796,35778,35778,2017-014A  
103,109.9546°E,BSAT-3C (JCSAT-110R),37776,2011-08-06 00:00:00,CEL,FRGUI,JPN,B,   0.0122°N,0.002°N,0.000°E,109.9532°E,0.002°E,   0.016°,0.0000°,0.0011°,35788,35787,35785,2011-041B  
479,109.9567°W,ECHOSTAR 11,33207,2008-07-16 00:00:00,CEL,SEAL ,US,+,   0.0165°N,0.001°S,0.000°E,110.0139°W,0.004°E,   0.017°,0.0000°,0.0304°,35799,35776,35784,2008-035A  
102,110.0437°E,JCSAT-110A (JCSAT-15),41903,2016-12-21 00:00:00,CEL,FRGUI,JPN,+,   0.0177°N,0.002°N,0.000°E,110.0534°E,0.014°W,   0.022°,0.0000°,0.0053°,35791,35787,35786,2016-082A  
480,110.0823°W,DIRECTV 5 (TEMPO 1),27426,2002-05-07 00:00:00,CEL,TYMSC,US,+,   0.6533°N,0.036°N,0.001°E,110.1316°W,0.001°E,   1.082°,0.0051°,0.0351°,35801,35775,35780,2002-023A  
481,110.2013°W,ECHOSTAR 10,28935,2006-02-15 00:00:00,CEL,SEAL ,US,+,  -0.0085°S,0.001°S,0.000°E,110.2224°W,0.000°W,   0.021°,0.0000°,0.0138°,35793,35783,35782,2006-003A  
101,110.3720°E,BEIDOU-2 G7,41586,2016-06-12 00:00:00,CEL,XICLF,PRC,+,  -1.8954°S,0.019°N,0.002°E,110.5700°E,0.017°W,   1.941°,0.0165°,0.0998°,35826,35752,35784,2016-037A  
100,110.5108°E,CHINASAT 10 (ZX 10),37677,2011-06-20 00:00:00,CEL,XICLF,PRC,+,   0.0568°N,0.000°N,0.001°W,110.5517°E,0.006°W,   0.050°,0.0000°,0.0307°,35799,35777,35797,2011-026A  
99,110.5791°E,CHINASAT 16 (SJ-13),42662,2017-04-12 00:00:00,CEL,XICLF,PRC,+,  -0.0752°S,0.000°N,0.001°W,110.5402°E,0.000°W,   0.093°,0.0000°,0.0453°,35804,35771,35794,2017-018A  
98,110.5976°E,BEIDOU-3 G3,45807,2020-06-23 00:00:00,CEL,XICLF,PRC,+,   1.1130°N,0.043°N,0.001°E,110.4695°E,0.010°W,   1.482°,0.0096°,0.0679°,35813,35763,35781,2020-040A  
482,110.9780°W,TERRESTAR-1,35496,2009-07-01 00:00:00,CEL,FRGUI,US,+,   3.1817°N,0.006°S,0.005°E,111.0613°W,0.003°E,   3.174°,0.0440°,0.0331°,35800,35775,35780,2009-035A  
97,110.9824°E,IRNSS-1D,40547,2015-03-28 00:00:00,CEL,SRILR,IND,+,  28.5736°N,0.061°N,0.347°E,114.9341°E,0.113°E,  28.607°,3.5737°,0.2634°,35885,35691,35797,2015-018A  
483,111.1247°W,ANIK F2,28378,2004-07-18 00:00:00,CEL,FRGUI,CA,+,   0.0365°N,0.002°N,0.000°E,111.0709°W,0.012°W,   0.071°,0.0000°,0.0197°,35796,35781,35786,2004-027A  
484,111.1705°W,WILDBLUE-1,29643,2006-12-08 00:00:00,CEL,FRGUI,US,+,   0.0141°N,0.001°N,0.000°E,111.1983°W,0.002°E,   0.047°,0.0000°,0.0148°,35793,35782,35784,2006-054A  
96,111.5821°E,IRNSS-1E,41241,2016-01-20 00:00:00,CEL,SRILR,IND,+, -29.9163°S,0.037°S,0.386°E,115.4105°E,0.133°E,  29.941°,3.9146°,0.2066°,35864,35712,35785,2016-003A  
485,111.6175°W,STPSAT-6,49817,2021-12-07 00:00:00,CEL,AFETR,US,+,   0.0007°N,0.000°N,0.000°E,111.6217°W,0.001°W,   0.015°,0.0000°,0.0039°,35789,35786,35786,2021-118A  
95,111.8965°E,FENGYUN 2F,38049,2012-01-13 00:00:00,CEL,XICLF,PRC,+,  -3.7374°S,0.011°N,0.005°E,111.9539°E,0.035°W,   3.749°,0.0614°,0.0403°,35805,35776,35793,2012-002A  
486,112.2699°W,USA 134,25019,1997-10-25 00:00:00,CEL,AFETR,US,+,  10.9801°N,0.063°S,0.046°E,112.9107°W,0.018°E,  11.032°,0.5315°,0.0645°,35811,35764,35781,1997-065A  
94,112.7555°E,BEIDOU IGSO-7,43539,2018-07-09 00:00:00,CEL,XICLF,PRC,+,   4.2946°N,2.065°S,1.056°W, 96.2407°E,0.436°W,  55.073°,13.2446°,0.5631°,35996,35582,35662,2018-057A  
487,112.9634°W,EUTELSAT 113 WEST A,29162,2006-05-27 00:00:00,CEL,FRGUI,EUTE,+,   0.0014°N,0.000°N,0.001°E,113.0233°W,0.004°E,   0.011°,0.0000°,0.0348°,35800,35775,35778,2006-020A  
488,113.0343°W,MORELOS 3,40946,2015-10-02 00:00:00,CEL,AFETR,MEX,+,   1.7412°N,0.148°S,0.003°W,113.1420°W,0.001°E,   3.748°,0.0613°,0.0096°,35791,35784,35782,2015-056A  
93,113.0461°E,KOREASAT 5 (MUGUNGWHA 5),29349,2006-08-22 00:00:00,CEL,SEAL ,SKOR,+,   0.0105°N,0.001°N,0.000°E,113.0720°E,0.010°W,   0.013°,0.0000°,0.0111°,35792,35784,35786,2006-034A  
92,113.1369°E,KOREASAT 5A,42984,2017-10-30 00:00:00,CEL,AFETR,SKOR,+,   0.0131°N,0.002°N,0.001°E,113.1506°E,0.004°W,   0.017°,0.0000°,0.0177°,35794,35781,35782,2017-067A  
91,114.5431°E,ZHONGXING-20A,37234,2010-11-24 00:00:00,CEL,XICLF,PRC,+,  -2.5887°S,0.005°S,0.002°W,114.8588°E,0.566°W,   2.608°,0.0297°,0.0284°,35842,35821,35832,2010-064A  
489,114.7955°W,MEXSAT 3,39035,2012-12-19 00:00:00,CEL,FRGUI,MEX,+,   0.0273°N,0.000°S,0.001°E,114.8314°W,0.004°E,   0.035°,0.0000°,0.0207°,35795,35780,35781,2012-075B  
490,114.8802°W,EUTELSAT 115 WEST B,40425,2015-03-02 00:00:00,CEL,AFETR,EUTE,+,  -0.0028°S,0.001°N,0.000°W,114.8786°W,0.003°W,   0.007°,0.0000°,0.0020°,35789,35787,35787,2015-010B  
491,115.0949°W,VIASAT-1,37843,2011-10-19 00:00:00,CEL,TYMSC,US,+,   0.0148°N,0.002°S,0.001°E,115.0875°W,0.004°W,   0.021°,0.0000°,0.0247°,35797,35779,35781,2011-059A  
90,115.1727°E,BEIDOU-3 IGSO-2,44337,2019-06-24 00:00:00,CEL,XICLF,PRC,+,  -4.8350°S,2.059°S,1.049°W,101.9403°E,0.446°W,  55.115°,13.2647°,0.2672°,35889,35692,35695,2019-035A  
492,115.1942°W,XM-5,37185,2010-10-14 00:00:00,CEL,TYMSC,US,+,   0.0171°N,0.002°S,0.000°W,115.1950°W,0.000°W,   0.018°,0.0000°,0.0047°,35789,35786,35787,2010-053A  
89,115.2409°E,ECHOSTAR 7,27378,2002-02-21 00:00:00,CEL,AFETR,US,+,  -0.1814°S,0.000°S,0.010°W,115.9836°E,1.553°W,   0.199°,0.0002°,0.0672°,35934,35884,35899,2002-006A  
493,115.3379°W,SXM-7,47240,2020-12-13 00:00:00,CEL,AFETR,US,P,   0.0174°N,0.002°S,0.000°E,115.2917°W,0.003°W,   0.021°,0.0000°,0.0206°,35796,35780,35785,2020-096A  
88,115.4600°E,ZHONGXING-6B,31800,2007-07-05 00:00:00,CEL,XICLF,PRC,+,   0.0007°N,0.001°N,0.001°E,115.5280°E,0.007°W,   0.015°,0.0000°,0.0411°,35803,35773,35782,2007-031A  
87,115.8963°E,KOREASAT 7,42691,2017-05-04 00:00:00,CEL,FRGUI,SKOR,+,  -0.0374°S,0.001°N,0.000°E,115.9219°E,0.003°W,   0.056°,0.0000°,0.0140°,35793,35783,35783,2017-023A  
86,115.9869°E,KOREASAT 6,37265,2010-12-29 00:00:00,CEL,FRGUI,SKOR,+,  -0.0388°S,0.001°N,0.000°E,116.0140°E,0.000°W,   0.058°,0.0000°,0.0156°,35793,35782,35785,2010-070B  
494,116.1503°W,FM-6,39360,2013-10-25 00:00:00,CEL,TYMSC,US,+,   0.0035°N,0.002°S,0.000°W,116.1543°W,0.003°W,   0.029°,0.0000°,0.0072°,35791,35785,35789,2013-058A  
85,116.1953°E,KOREASAT 116,45920,2020-07-20 00:00:00,CEL,AFETR,SKOR,+,   0.0125°N,0.001°N,0.000°E,116.2118°E,0.005°W,   0.017°,0.0000°,0.0088°,35791,35785,35786,2020-048A  
495,116.7843°W,EUTELSAT 117 WEST A,39122,2013-03-26 00:00:00,CEL,TYMSC,EUTE,+,   0.0171°N,0.002°S,0.001°E,116.8382°W,0.001°E,   0.018°,0.0000°,0.0305°,35799,35776,35780,2013-012A  
496,117.0002°W,EUTELSAT 117 WEST B,41589,2016-06-15 00:00:00,CEL,AFETR,EUTE,+,  -0.0065°S,0.000°N,0.000°W,116.9960°W,0.007°W,   0.031°,0.0000°,0.0035°,35790,35787,35786,2016-038B  
84,117.5489°E,SHIJIAN-17 (SJ-17),41838,2016-11-03 00:00:00,CEL,WSC  ,PRC,+,  -1.9692°S,0.000°S,0.001°E,117.5593°E,0.001°W,   1.985°,0.0172°,0.0109°,35792,35784,35790,2016-065A  
83,117.7992°E,GAOFEN 13,46610,2020-10-11 00:00:00,CEL,XICLF,PRC,+,   0.5519°N,0.001°N,0.002°W,117.8476°E,0.012°W,   0.536°,0.0013°,0.0546°,35808,35768,35807,2020-071A  
82,117.9859°E,TELKOM 3S,41944,2017-02-14 00:00:00,CEL,FRGUI,INDO,+,   0.0246°N,0.001°N,0.000°E,118.0202°E,0.000°E,   0.017°,0.0000°,0.0221°,35796,35779,35783,2017-007A  
497,118.6933°W,ANIK F3,31102,2007-04-09 00:00:00,CEL,TYMSC,CA,+,   0.0156°N,0.001°S,0.001°E,118.7404°W,0.004°E,   0.018°,0.0000°,0.0246°,35796,35778,35782,2007-009A  
498,118.8756°W,ECHOSTAR 14,36499,2010-03-20 00:00:00,CEL,TYMSC,US,+,   0.0100°N,0.002°S,0.001°E,118.8735°W,0.002°E,   0.017°,0.0000°,0.0306°,35799,35776,35779,2010-010A  
499,119.0323°W,DIRECTV 8,28659,2005-05-22 00:00:00,CEL,TYMSC,US,+,   0.0207°N,0.001°S,0.001°E,119.0815°W,0.002°W,   0.018°,0.0000°,0.0311°,35799,35776,35779,2005-019A  
81,119.0794°E,BANGABANDHUSAT-1,43463,2018-05-11 00:00:00,CEL,AFETR,BGD,+,  -0.0232°S,0.000°S,0.000°E,119.0783°E,0.001°W,   0.045°,0.0000°,0.0227°,35796,35779,35784,2018-044A  
80,119.4585°E,THAICOM 4,28786,2005-08-11 00:00:00,CEL,FRGUI,THAI,+,   0.0207°N,0.002°N,0.000°E,119.5063°E,0.019°W,   0.018°,0.0000°,0.0208°,35797,35781,35784,2005-028A  
500,119.5221°W,USA 115 (MILSTAR-1 2),23712,1995-11-06 00:00:00,CEL,AFETR,US,+,  13.0110°N,0.176°S,0.060°E,120.7004°W,0.034°E,  13.519°,0.7981°,0.0199°,35794,35779,35779,1995-060A  
79,119.9033°E,ASIASAT 6,40141,2014-09-07 00:00:00,CEL,AFETR,AC,+,  -0.0479°S,0.000°S,0.000°E,119.9131°E,0.000°W,   0.069°,0.0000°,0.0062°,35790,35785,35785,2014-052A  
501,120.9785°W,GALAXY 23 (G-23),27854,2003-08-08 00:00:00,CEL,SEAL ,US,+,   0.0032°N,0.002°S,0.001°E,120.9733°W,0.001°W,   0.018°,0.0000°,0.0339°,35800,35775,35777,2003-034A  
502,121.4792°W,GOES 18,51850,2022-03-01 00:00:00,CEL,AFETR,US,+,   0.0058°N,0.001°N,0.016°W,120.3710°W,2.282°W,   0.053°,0.0000°,0.0202°,35974,35959,35963,2022-021A  
78,122.0503°E,ASIASAT 9,42942,2017-09-28 00:00:00,CEL,TYMSC,AC,+,  -0.0023°S,0.000°S,0.000°E,122.1035°E,0.011°W,   0.008°,0.0000°,0.0252°,35797,35779,35784,2017-057A  
503,122.9847°W,GALAXY 18 (G-18),32951,2008-05-21 00:00:00,CEL,SEAL ,US,+,   0.0126°N,0.001°S,0.001°E,122.9780°W,0.002°W,   0.008°,0.0000°,0.0329°,35800,35776,35777,2008-024A  
504,123.2092°W,HYLAS 1,37237,2010-11-26 00:00:00,CEL,FRGUI,UK,+,   0.8484°N,0.072°N,0.000°W,123.2540°W,0.010°E,   1.873°,0.0153°,0.0221°,35795,35779,35782,2010-065A  
77,123.9624°E,JCSAT-13,38331,2012-05-15 00:00:00,CEL,FRGUI,JPN,+,  -0.0211°S,0.000°S,0.000°W,124.0328°E,0.006°W,   0.045°,0.0000°,0.0344°,35801,35775,35788,2012-023A  
505,124.3134°W,USA 157 (MILSTAR-2 2),26715,2001-02-27 00:00:00,CEL,AFETR,US,+,  10.0067°N,0.001°N,0.039°E,124.5314°W,0.009°E,   9.998°,0.4365°,0.0185°,35795,35781,35781,2001-009A  
506,124.8807°W,AMC-21,33275,2008-08-14 00:00:00,CEL,FRGUI,SES,+,   0.0195°N,0.002°S,0.001°E,124.8743°W,0.002°E,   0.021°,0.0000°,0.0259°,35797,35778,35780,2008-038B  
76,124.8978°E,TIANTONG-1 2,46916,2020-11-12 00:00:00,CEL,XICLF,PRC,+,   3.9244°N,0.061°N,0.006°E,124.9961°E,0.004°E,   4.172°,0.0760°,0.0408°,35802,35772,35783,2020-082A  
75,124.9572°E,BEIDOU 8,37384,2011-04-09 00:00:00,CEL,XICLF,PRC,+, -53.1004°S,1.463°N,0.821°E, 91.2836°E,0.267°E,  60.266°,15.8605°,0.2031°,35864,35715,35814,2011-013A  
507,124.9972°W,GALAXY 30 (G-30),46114,2020-08-15 00:00:00,CEL,FRGUI,US,+,  -0.0099°S,0.001°N,0.001°E,124.9951°W,0.002°E,   0.001°,0.0000°,0.0226°,35796,35779,35779,2020-056C  
74,125.1053°E,CHINASAT 6C (ZX 6C),44067,2019-03-09 00:00:00,CEL,XICLF,PRC,+,  -0.0285°S,0.000°N,0.000°E,125.0147°E,0.007°E,   0.051°,0.0000°,0.0454°,35804,35770,35782,2019-012A  
73,127.0407°E,QZS-3 (MICHIBIKI-3),42917,2017-08-19 00:00:00,CEL,TANSC,JPN,+,   0.0053°N,0.002°S,0.000°E,127.0742°E,0.004°W,   0.057°,0.0000°,0.0179°,35794,35781,35784,2017-048A  
508,127.0514°W,GALAXY 13,27954,2003-10-01 00:00:00,CEL,SEAL ,US,+,   0.0055°N,0.001°N,0.000°E,127.0453°W,0.004°W,   0.051°,0.0000°,0.0194°,35795,35781,35786,2003-044A  
509,127.9843°W,GOES 15,36411,2010-03-04 00:00:00,CEL,AFETR,US,B,   0.0492°N,0.010°N,0.000°E,127.9896°W,0.029°W,   0.251°,0.0003°,0.0180°,35797,35783,35782,2010-008A  
72,127.9870°E,JCSAT-3A,29272,2006-08-11 00:00:00,CEL,FRGUI,JPN,+,   0.0017°N,0.001°N,0.000°E,128.0209°E,0.000°E,   0.019°,0.0000°,0.0243°,35796,35779,35784,2006-033A  
71,128.0458°E,COSMOS 2526,43432,2018-04-18 00:00:00,CEL,TYMSC,CIS,+,   0.0002°N,0.000°N,0.000°W,128.0529°E,0.010°W,   0.013°,0.0000°,0.0012°,35789,35788,35787,2018-037A  
70,128.1340°E,COMS 1,36744,2010-06-26 00:00:00,CEL,FRGUI,SKOR,+,  -0.9987°S,0.006°N,0.001°E,128.1369°E,0.002°W,   1.019°,0.0045°,0.0081°,35791,35785,35784,2010-032A  
69,128.2324°E,GEO-KOMPSAT-2A,43823,2018-12-04 00:00:00,CEL,FRGUI,SKOR,+,  -0.0214°S,0.000°N,0.000°E,128.2621°E,0.003°W,   0.045°,0.0000°,0.0220°,35796,35780,35784,2018-100A  
68,128.2654°E,GEO-KOMPSAT-2B,45246,2020-02-18 00:00:00,CEL,FRGUI,SKOR,+,   0.0299°N,0.001°N,0.000°E,128.2516°E,0.008°W,   0.013°,0.0000°,0.0091°,35792,35785,35785,2020-013B  
67,128.4486°E,LAOSAT 1,41034,2015-11-20 00:00:00,CEL,XICLF,LAOS,+,  -0.0031°S,0.000°S,0.001°E,128.4568°E,0.013°W,   0.021°,0.0000°,0.0232°,35797,35780,35780,2015-067A  
510,128.8366°W,CIEL-2,33453,2008-12-10 00:00:00,CEL,TYMSC,CA,+,   0.0072°N,0.000°S,0.001°E,128.8772°W,0.003°E,   0.006°,0.0000°,0.0322°,35799,35776,35776,2008-063A  
511,129.0270°W,GALAXY 12 (G-12),27715,2003-04-09 00:00:00,CEL,FRGUI,ITSO,S,   1.4008°N,0.125°N,0.001°W,129.0364°W,0.008°E,   3.228°,0.0455°,0.0263°,35797,35777,35776,2003-013B  
512,129.1410°W,SES-15,42709,2017-05-18 00:00:00,CEL,FRGUI,SES,+,   0.0311°N,0.001°S,0.000°W,129.1422°W,0.000°E,   0.023°,0.0000°,0.0042°,35789,35786,35787,2017-026A  
66,129.3508°E,IRNSS-1G,41469,2016-04-28 00:00:00,CEL,SRILR,IND,+,  -0.9772°S,0.079°S,0.001°W,129.5231°E,0.020°W,   2.093°,0.0191°,0.0796°,35818,35760,35787,2016-027A  
65,129.8666°E,CHINASAT 1A (ZX 1A),37804,2011-09-17 00:00:00,CEL,XICLF,PRC,+,   0.0367°N,0.001°N,0.001°E,129.8430°E,0.002°E,   0.021°,0.0000°,0.0197°,35795,35780,35779,2011-047A  
64,130.0013°E,CHINASAT 2D (ZX 2D),43920,2019-01-10 00:00:00,CEL,XICLF,PRC,+,   0.0231°N,0.000°N,0.000°E,130.0227°E,0.006°E,   0.016°,0.0000°,0.0160°,35793,35781,35783,2019-001A  
63,130.1304°E,CHINASAT 1D (ZX 1D),49505,2021-11-26 00:00:00,CEL,XICLF,PRC,+,   1.5380°N,0.002°S,0.001°E,130.1722°E,0.001°W,   1.518°,0.0101°,0.0361°,35801,35774,35787,2021-114A  
513,130.2861°W,USA 167,27691,2003-03-11 00:00:00,CEL,AFETR,US,+,   6.5987°N,0.193°N,0.011°E,129.9590°W,0.014°E,   8.008°,0.2800°,0.0330°,35799,35775,35775,2003-008A  
514,130.9807°W,AMC-11 (GE-11),28252,2004-05-19 00:00:00,CEL,AFETR,SES,+,   0.0297°N,0.001°S,0.001°E,130.9678°W,0.005°W,   0.022°,0.0000°,0.0263°,35798,35778,35780,2004-017A  
515,131.0019°W,AMC-1 (GE-1),24315,1996-09-08 00:00:00,CEL,AFETR,SES,+,   3.2931°N,0.194°N,0.002°W,130.9332°W,0.000°W,   5.585°,0.1362°,0.0364°,35801,35774,35776,1996-054A  
62,131.8279°E,VINASAT-2,38332,2012-05-15 00:00:00,CEL,FRGUI,VTNM,+,   0.0129°N,0.001°N,0.000°E,131.8692°E,0.001°E,   0.017°,0.0000°,0.0238°,35796,35779,35782,2012-023B  
61,131.9496°E,VINASAT-1,32767,2008-04-18 00:00:00,CEL,FRGUI,VTNM,+,   0.0170°N,0.001°N,0.000°E,131.9733°E,0.006°E,   0.014°,0.0000°,0.0145°,35792,35782,35784,2008-018A  
60,132.0555°E,JCSAT-5A,29045,2006-04-12 00:00:00,CEL,SEAL ,JPN,+,  -0.0360°S,0.000°N,0.001°E,132.0715°E,0.000°E,   0.059°,0.0000°,0.0189°,35794,35781,35780,2006-010A  
59,132.0776°E,JCSAT-12 (JCSAT-RA),35755,2009-08-21 00:00:00,CEL,FRGUI,JPN,+,   0.0260°N,0.001°N,0.000°E,132.0619°E,0.000°E,   0.011°,0.0000°,0.0088°,35791,35784,35784,2009-044A  
58,132.7300°E,FENGYUN 4B,48808,2021-06-02 00:00:00,CEL,XICLF,PRC,+,   0.0958°N,0.001°N,0.000°W,132.7872°E,0.039°W,   0.080°,0.0000°,0.0017°,35791,35790,35789,2021-047A  
516,132.9046°W,EUTELSAT 133 WEST A,26719,2001-03-08 00:00:00,CEL,FRGUI,EUTE,+,   1.5277°N,0.144°N,0.002°W,132.7822°W,0.005°W,   3.670°,0.0588°,0.0273°,35798,35778,35776,2001-011A  
517,132.9828°W,GALAXY 15 (G-15),28884,2005-10-13 00:00:00,CEL,FRGUI,ITSO,P,   0.0227°N,0.002°S,0.000°E,132.9786°W,0.001°W,   0.019°,0.0000°,0.0189°,35795,35781,35782,2005-041A  
57,133.9360°E,APSTAR 6C,43450,2018-05-03 00:00:00,CEL,XICLF,PRC,+,   0.0229°N,0.000°N,0.000°W,133.9893°E,0.015°W,   0.014°,0.0000°,0.0137°,35793,35783,35790,2018-041A  
56,133.9914°E,APSTAR 6D,45863,2020-07-09 00:00:00,CEL,XICLF,PRC,+,  -0.0436°S,0.001°N,0.001°E,134.0474°E,0.002°W,   0.066°,0.0000°,0.0325°,35800,35776,35779,2020-045A  
55,134.0745°E,USA 283,43339,2018-04-14 00:00:00,CEL,AFETR,US,+,   0.0523°N,0.001°N,0.000°W,134.0900°E,0.014°W,   0.036°,0.0000°,0.0016°,35789,35788,35787,2018-036A  
54,134.8183°E,USA 153,26575,2000-10-20 00:00:00,CEL,AFETR,US,+,  -4.6793°S,0.344°N,0.016°W,134.5186°E,0.011°W,   9.071°,0.3593°,0.0191°,35795,35781,35783,2000-065A  
518,134.8922°W,AMC-4 (GE-4),25954,1999-11-13 00:00:00,CEL,FRGUI,SES,+,   0.3547°N,0.062°N,0.001°E,134.8854°W,0.003°E,   1.477°,0.0095°,0.0332°,35800,35775,35776,1999-060A  
519,135.0030°W,AMC-8 (GE-8),26639,2000-12-20 00:00:00,CEL,FRGUI,SES,+,   0.6959°N,0.099°N,0.001°W,135.0016°W,0.000°E,   2.406°,0.0253°,0.0290°,35798,35777,35778,2000-081B  
520,135.1752°W,WGS F6 (USA 244),39222,2013-08-08 00:00:00,CEL,AFETR,US,+,   0.0268°N,0.001°S,0.000°W,135.1868°W,0.008°E,   0.018°,0.0000°,0.0028°,35788,35786,35786,2013-041A  
53,135.4242°E,BEIDOU-3 IGSO-1,44204,2019-04-20 00:00:00,CEL,XICLF,PRC,S, -42.7938°S,1.682°N,0.013°W,135.4679°E,0.042°W,  56.533°,13.9564°,0.2179°,35869,35709,35813,2019-023A  
52,135.8320°E,JCSAT-17,45245,2020-02-18 00:00:00,CEL,FRGUI,JPN,+,   3.1764°N,0.229°N,0.006°W,135.9795°E,0.009°W,   6.173°,0.1664°,0.0340°,35800,35775,35779,2020-013A  
51,137.1436°E,TJS-9,50574,2021-12-29 00:00:00,CEL,XICLF,PRC,+,  -0.0528°S,0.002°N,0.002°E,137.1886°E,0.012°W,   0.085°,0.0000°,0.0467°,35806,35771,35774,2021-135A  
521,137.1941°W,GOES 17,43226,2018-03-01 00:00:00,CEL,AFETR,US,+,  -0.0058°S,0.003°S,0.000°E,137.1960°W,0.001°W,   0.049°,0.0000°,0.0015°,35788,35787,35786,2018-022A  
50,137.9836°E,TELSTAR 18V (APSTAR 5C),43611,2018-09-10 00:00:00,CEL,AFETR,CA,+,   0.0356°N,0.001°N,0.001°E,138.0097°E,0.003°E,   0.018°,0.0000°,0.0200°,35795,35780,35781,2018-069A  
49,138.1837°E,AEHF-6 (USA 298),45465,2020-03-26 00:00:00,CEL,AFETR,US,+,   5.8120°N,0.061°N,0.019°E,137.2084°E,0.001°E,   5.987°,0.1565°,0.5260°,35982,35594,35726,2020-022B  
522,138.9056°W,SPACEWAY 2,28903,2005-11-16 00:00:00,CEL,FRGUI,US,+,   0.4400°N,0.078°N,0.001°W,138.9158°W,0.003°E,   1.867°,0.0152°,0.0083°,35791,35784,35789,2005-046B  
48,138.9361°E,SBIRS GEO-3 (USA 282),43162,2018-01-20 00:00:00,CEL,AFETR,US,+,   3.1150°N,0.076°N,0.003°E,138.9728°E,0.001°W,   3.577°,0.0559°,0.0203°,35795,35780,35781,2018-009A  
523,138.9841°W,AMC-6 (GE-6),26580,2000-10-21 00:00:00,CEL,TYMSC,SES,+,   0.0274°N,0.001°N,0.001°E,138.9738°W,0.002°E,   0.045°,0.0000°,0.0270°,35798,35778,35778,2000-067A  
524,139.1649°W,EUTELSAT 7A,28187,2004-03-15 00:00:00,CEL,TYMSC,EUTE,+,   0.4675°N,0.087°N,0.000°E,139.2313°W,0.012°E,   2.066°,0.0186°,0.0456°,35804,35770,35771,2004-008A  
47,139.8320°E,EXPRESS-AT2,39613,2014-03-15 00:00:00,CEL,TYMSC,CIS,+,   0.0321°N,0.000°N,0.000°W,139.8374°E,0.006°W,   0.017°,0.0000°,0.0018°,35789,35787,35786,2014-010B  
46,139.9916°E,BEIDOU-3 G1,43683,2018-11-01 00:00:00,CEL,XICLF,PRC,S,  -0.4300°S,0.032°S,0.001°W,140.0641°E,0.011°W,   0.874°,0.0033°,0.0380°,35802,35774,35795,2018-085A  
45,140.0739°E,EXPRESS-AM5,39487,2013-12-26 00:00:00,CEL,TYMSC,CIS,+,  -0.0164°S,0.001°N,0.001°E,140.0772°E,0.004°W,   0.044°,0.0000°,0.0485°,35806,35770,35773,2013-077A  
44,140.2448°E,SKY MUSTER 1 (NBN1A),40940,2015-09-30 00:00:00,CEL,FRGUI,AUS,+,   0.0356°N,0.001°N,0.001°E,140.2742°E,0.000°E,   0.015°,0.0000°,0.0178°,35794,35781,35782,2015-054A  
43,140.3926°E,BEIDOU 3,36287,2010-01-16 00:00:00,CEL,XICLF,PRC,+,  -0.8156°S,0.074°N,0.001°E,140.4339°E,0.008°E,   1.854°,0.0150°,0.0491°,35805,35769,35774,2010-001A  
42,140.6495°E,HIMAWARI-8,40267,2014-10-07 00:00:00,CEL,TANSC,JPN,+,  -0.0350°S,0.000°N,0.000°E,140.6626°E,0.004°W,   0.059°,0.0000°,0.0074°,35791,35785,35785,2014-060A  
41,140.7565°E,HIMAWARI-9,41836,2016-11-02 00:00:00,CEL,TANSC,JPN,+,   0.0204°N,0.001°N,0.000°E,140.7613°E,0.007°E,   0.015°,0.0000°,0.0091°,35790,35784,35783,2016-064A  
40,141.9933°E,APSTAR 9,40982,2015-10-16 00:00:00,CEL,XICLF,PRC,+,   0.0140°N,0.000°S,0.000°W,142.0242°E,0.006°W,   0.020°,0.0000°,0.0141°,35793,35783,35787,2015-059A  
525,143.0068°W,HISPASAT 30W-4,27528,2002-09-18 00:00:00,CEL,AFETR,SPN,+,   0.5547°N,0.117°N,0.002°W,143.0476°W,0.016°E,   2.767°,0.0334°,0.0119°,35791,35782,35784,2002-044A  
39,143.4882°E,INMARSAT 4-F1,28628,2005-03-11 00:00:00,CEL,AFETR,IM,+,  -0.6875°S,0.156°N,0.004°W,143.4713°E,0.003°W,   3.600°,0.0566°,0.0315°,35799,35776,35779,2005-009A  
38,143.9303°E,SUPERBIRD-C2,33274,2008-08-14 00:00:00,CEL,FRGUI,JPN,+,  -0.0412°S,0.000°N,0.000°E,143.9681°E,0.001°W,   0.065°,0.0000°,0.0241°,35796,35779,35783,2008-038A  
37,144.4821°E,BEIDOU-2 G8,44231,2019-05-17 00:00:00,CEL,XICLF,PRC,+,  -0.6122°S,0.024°N,0.002°W,144.5151°E,0.013°W,   0.821°,0.0029°,0.0503°,35807,35770,35805,2019-027A  
36,144.7928°E,SKY MUSTER 2 (NBN1B),41794,2016-10-05 00:00:00,CEL,FRGUI,AUS,+,   0.0377°N,0.001°N,0.001°E,144.8156°E,0.000°E,   0.016°,0.0000°,0.0164°,35794,35782,35781,2016-060B  
35,145.0003°E,EXPRESS AMU-7,50001,2021-12-13 00:00:00,CEL,TYMSC,CIS,+,   0.0039°N,0.000°N,0.000°E,144.9926°E,0.001°W,   0.007°,0.0000°,0.0042°,35789,35786,35786,2021-123A  
34,145.9959°E,NUSANTARA SATU,44048,2019-02-22 00:00:00,CEL,AFETR,INDO,+,   0.0266°N,0.001°N,0.001°E,145.9903°E,0.001°E,   0.017°,0.0000°,0.0201°,35795,35780,35781,2019-009A  
33,146.5329°E,TJS-7,49115,2021-08-24 00:00:00,CEL,XICLF,PRC,+,   0.3331°N,0.007°S,0.001°E,146.5084°E,0.007°W,   0.349°,0.0005°,0.0174°,35795,35782,35782,2021-077A  
32,147.5319°E,ASIASAT 4,27718,2003-04-12 00:00:00,CEL,AFETR,AC,+,  -0.8249°S,0.017°N,0.001°E,147.5416°E,0.007°W,   0.924°,0.0037°,0.0292°,35799,35777,35777,2003-014A  
31,149.7738°E,WGS F8 (USA 272),41879,2016-12-07 00:00:00,CEL,AFETR,US,+,  -0.0059°S,0.000°S,0.000°W,149.7932°E,0.002°W,   0.007°,0.0000°,0.0138°,35793,35783,35787,2016-075A  
30,149.9860°E,JCSAT-18 (KACIFIC 1),44868,2019-12-17 00:00:00,CEL,AFETR,JPN,+,  -0.0384°S,0.000°N,0.000°W,149.9903°E,0.004°W,   0.063°,0.0000°,0.0045°,35790,35786,35788,2019-091A  
29,150.4975°E,BRISAT,41591,2016-06-18 00:00:00,CEL,FRGUI,INDO,+,   0.0421°N,0.001°N,0.001°E,150.5166°E,0.001°W,   0.019°,0.0000°,0.0218°,35796,35780,35779,2016-039A  
28,151.9718°E,OPTUS D2,32252,2007-10-05 00:00:00,CEL,FRGUI,AUS,+,   0.0259°N,0.001°N,0.001°E,152.0091°E,0.001°E,   0.016°,0.0000°,0.0376°,35801,35774,35775,2007-044A  
27,152.2753°E,USA 169 (MILSTAR-2 4),27711,2003-04-08 00:00:00,CEL,AFETR,US,+,  -1.4020°S,0.437°N,0.037°W,152.0757°E,0.013°W,  10.100°,0.4454°,0.0162°,35793,35781,35782,2003-012A  
26,153.9820°E,JCSAT-2B,41471,2016-05-06 00:00:00,CEL,AFETR,JPN,+,   0.0394°N,0.000°N,0.001°E,154.0121°E,0.004°W,   0.016°,0.0000°,0.0191°,35795,35781,35781,2016-028A  
25,154.9485°E,TJS-1,40892,2015-09-12 00:00:00,CEL,XICLF,PRC,+,   0.0406°N,0.001°N,0.000°E,154.9447°E,0.003°W,   0.018°,0.0000°,0.0111°,35792,35784,35782,2015-046A  
526,155.1340°W,AEHF-3 (USA 246),39256,2013-09-18 00:00:00,CEL,AFETR,US,+,   0.4174°N,0.069°N,0.025°W,154.8738°W,0.023°W,   1.656°,0.0120°,0.5636°,35996,35581,35993,2013-050A  
24,155.6775°E,OPTUS C1,27831,2003-06-11 00:00:00,CEL,FRGUI,AUS,+,  -2.4257°S,0.090°N,0.003°E,155.7387°E,0.006°W,   3.157°,0.0435°,0.0677°,35813,35763,35766,2003-028B  
23,155.9584°E,OPTUS 10,40146,2014-09-11 00:00:00,CEL,FRGUI,AUS,+,  -0.0055°S,0.001°N,0.001°E,156.0055°E,0.003°W,   0.035°,0.0000°,0.0325°,35800,35776,35779,2014-054A  
22,155.9888°E,OPTUS D3,35756,2009-08-21 00:00:00,CEL,FRGUI,AUS,+,   0.0104°N,0.002°N,0.002°E,156.0027°E,0.001°E,   0.052°,0.0000°,0.0421°,35803,35772,35771,2009-044B  
527,156.5361°W,INMARSAT 3-F2,24307,1996-09-06 00:00:00,CEL,TYMSC,IM,+,   1.8654°N,0.269°N,0.014°W,155.8031°W,1.000°W,   6.478°,0.1833°,0.1273°,35913,35819,35817,1996-053A  
21,157.2025°E,INTELSAT 1R (IS-1R),26608,2000-11-16 00:00:00,CEL,FRGUI,US,+,  -3.0126°S,0.145°N,0.001°W,157.2011°E,0.005°W,   4.436°,0.0859°,0.0135°,35793,35783,35791,2000-072A  
20,158.9522°E,ABS-6,25924,1999-09-26 00:00:00,CEL,TYMSC,ABS,+,   0.0284°N,0.001°N,0.001°E,158.9837°E,0.000°W,   0.031°,0.0000°,0.0347°,35800,35775,35776,1999-053A  
528,159.3710°W,SBIRS GEO-4 (USA 273),41937,2017-01-21 00:00:00,CEL,AFETR,US,+,   2.0061°N,0.059°S,0.002°E,159.3794°W,0.006°E,   2.367°,0.0245°,0.0204°,35795,35780,35778,2017-004A  
19,159.9818°E,OPTUS D1,29495,2006-10-13 00:00:00,CEL,FRGUI,AUS,+,   0.0405°N,0.000°N,0.001°E,160.0047°E,0.002°E,   0.016°,0.0000°,0.0370°,35801,35774,35774,2006-043B  
18,159.9875°E,BEIDOU 6,37210,2010-10-31 00:00:00,CEL,XICLF,PRC,+,  -0.0475°S,0.036°N,0.001°W,160.0181°E,0.001°W,   0.824°,0.0030°,0.0281°,35798,35777,35793,2010-057A  
17,161.9967°E,SUPERBIRD-B3,43271,2018-04-05 00:00:00,CEL,FRGUI,JPN,+,   0.0320°N,0.000°N,0.000°E,162.0069°E,0.003°W,   0.013°,0.0000°,0.0090°,35791,35785,35784,2018-033A  
16,163.4618°E,YAMAL 202,28089,2003-11-24 00:00:00,CEL,TYMSC,CIS,+,  -1.7936°S,0.083°N,0.003°E,163.5378°E,0.000°W,   2.592°,0.0293°,0.0767°,35816,35760,35764,2003-053A  
529,165.9112°W,USA 149 (DSP 20),26356,2000-05-08 00:00:00,CEL,AFETR,US,+,   9.6510°N,0.309°N,0.018°E,165.9257°W,0.050°E,  12.070°,0.6361°,0.0127°,35789,35779,35786,2000-024A  
15,165.9851°E,INTELSAT 19 (IS-19) [PM],38356,2012-06-01 00:00:00,CEL,SEAL ,ITSO,+,   0.0331°N,0.000°S,0.001°E,165.9761°E,0.005°E,   0.008°,0.0000°,0.0345°,35800,35775,35774,2012-030A  
14,166.2102°E,INTELSAT 5 (IS-5),24916,1997-08-28 00:00:00,CEL,TYMSC,US,+,  -1.8322°S,0.306°N,0.017°W,166.1613°E,0.009°W,   7.193°,0.2259°,0.0382°,35802,35774,35781,1997-046A  
13,166.5631°E,TIANLIAN 1-02,37737,2011-07-11 00:00:00,CEL,XICLF,PRC,+,  -1.0298°S,0.091°N,0.038°E,167.1963°E,0.018°E,   2.271°,0.0225°,0.9665°,36143,35432,35464,2011-032A  
12,167.0084°E,LUCH 5A,37951,2011-12-11 00:00:00,CEL,TYMSC,CIS,+,  -3.8392°S,0.141°N,0.004°E,166.9347°E,0.007°W,   4.973°,0.1080°,0.0651°,35812,35764,35766,2011-074B  
530,168.0430°W,TDRS 5,21639,1991-08-02 00:00:00,CEL,AFETR,US,+,  13.1839°N,0.226°N,0.064°E,167.8024°W,0.034°E,  14.240°,0.8855°,0.2965°,35896,35678,35738,1991-054B  
11,169.0053°E,HORIZONS-3E,43633,2018-09-25 00:00:00,CEL,FRGUI,ITSO,+,  -0.0099°S,0.000°N,0.000°E,169.0085°E,0.002°W,   0.003°,0.0000°,0.0164°,35794,35782,35786,2018-074B  
531,169.5440°W,NSS-6,27603,2002-12-17 00:00:00,CEL,FRGUI,SES,+,  -0.5420°S,0.064°N,0.001°E,169.5280°W,0.003°W,   1.568°,0.0107°,0.0392°,35803,35774,35772,2002-057A  
10,171.0593°E,TIANLIAN 2-02,50005,2021-12-13 00:00:00,CEL,XICLF,PRC,+,   2.0562°N,0.072°S,0.002°E,171.0581°E,0.008°E,   2.588°,0.0293°,0.0358°,35800,35774,35772,2021-124A  
532,171.2996°W,TDRS 10,27566,2002-12-05 00:00:00,CEL,AFETR,US,+,   2.6626°N,0.335°N,0.016°W,171.5614°W,0.007°W,   8.171°,0.2916°,0.1089°,35828,35748,35754,2002-055A  
9,171.8766°E,UFO 4 (USA 108),23467,1995-01-29 00:00:00,CEL,AFETR,US,+,   5.5587°N,0.350°N,0.009°W,172.3068°E,0.002°E,   9.832°,0.4222°,0.0687°,35812,35762,35764,1995-003A  
8,171.9946°E,EUTELSAT 172B,42741,2017-06-01 00:00:00,CEL,FRGUI,EUTE,+,  -0.0119°S,0.000°N,0.000°W,171.9956°E,0.003°E,   0.010°,0.0000°,0.0020°,35788,35787,35786,2017-029B  
7,172.0855°E,UFO 8 (USA 138),25258,1998-03-16 00:00:00,CEL,AFETR,US,+,   3.6019°N,0.376°N,0.021°W,172.1753°E,0.024°E,   9.408°,0.3865°,0.0405°,35800,35770,35769,1998-016A  
6,173.9719°E,EUTELSAT 174A,28924,2005-12-29 00:00:00,CEL,TYMSC,EUTE,+,  -0.2625°S,0.016°N,0.003°E,173.9925°E,0.001°E,   0.467°,0.0010°,0.0703°,35814,35762,35761,2005-052A  
533,174.1215°W,TDRS 11,39070,2013-01-31 00:00:00,CEL,AFETR,US,+,   2.9269°N,0.018°N,0.007°E,174.1690°W,0.031°E,   2.946°,0.0379°,0.0839°,35816,35755,35753,2013-004A  
5,174.9990°E,WGS F7 (USA 263),40746,2015-07-24 00:00:00,CEL,AFETR,US,+,   0.0368°N,0.000°S,0.000°E,174.9819°E,0.012°E,   0.013°,0.0000°,0.0022°,35788,35786,35784,2015-036A  
4,175.9908°E,NSS-11 (AAP-1),26554,2000-10-01 00:00:00,CEL,TYMSC,SES,+,   0.0168°N,0.001°N,0.001°E,176.0046°E,0.001°E,   0.040°,0.0000°,0.0221°,35796,35780,35778,2000-059A  
3,176.5152°E,TIANLIAN 1-04,41869,2016-11-22 00:00:00,CEL,XICLF,PRC,+,  -0.0017°S,0.000°S,0.007°E,176.8787°E,0.002°E,   0.010°,0.0000°,0.3026°,35899,35676,35726,2016-072A  
534,176.9500°W,NSS-9,33749,2009-02-12 00:00:00,CEL,FRGUI,SES,+,   0.0392°N,0.000°S,0.001°E,176.9356°W,0.000°W,   0.017°,0.0000°,0.0217°,35796,35780,35778,2009-008A  
535,177.0583°W,YAMAL 300K,38978,2012-11-02 00:00:00,CEL,TYMSC,CIS,+,   0.0450°N,0.000°S,0.001°W,177.0505°W,0.004°W,   0.020°,0.0000°,0.0130°,35793,35783,35791,2012-061B  
536,177.4794°W,MUOS-2,39206,2013-07-19 00:00:00,CEL,AFETR,US,+,   1.7526°N,0.087°N,0.019°W,176.4817°W,0.006°W,   2.685°,0.0315°,0.5885°,36004,35571,35944,2013-036A  
2,177.8500°E,INTELSAT 10 (IS-10),26766,2001-05-15 00:00:00,CEL,TYMSC,US,+,  -1.4635°S,0.235°N,0.008°W,177.8247°E,0.003°W,   5.538°,0.1339°,0.0475°,35805,35770,35770,2001-019A  
1,178.5165°E,TJS-6,47613,2021-02-04 00:00:00,CEL,XICLF,PRC,+,  -0.0524°S,0.006°N,0.000°E,178.5367°E,0.011°W,   0.158°,0.0001°,0.0114°,35793,35784,35785,2021-010A  
0,179.5835°E,INMARSAT 5-F3,40882,2015-08-28 00:00:00,CEL,TYMSC,IM,+,   0.0429°N,0.000°S,0.000°W,179.5904°E,0.001°E,   0.021°,0.0000°,0.0032°,35789,35787,35786,2015-042A  
537,179.8176°W,USA 148,26052,2000-01-21 00:00:00,CEL,AFETR,US,+,   2.9469°N,0.392°N,0.027°W,179.9431°W,0.005°W,   9.511°,0.3950°,0.0106°,35791,35783,35781,2000-001A  
538,179.9977°W,INTELSAT 18 (IS-18) [PM],37834,2011-10-05 00:00:00,CEL,TYMSC,ITSO,+,   0.0448°N,0.000°N,0.001°E,179.9926°W,0.010°E,   0.024°,0.0000°,0.0186°,35794,35780,35779,2011-056A  
